ingredient_category,ingredient_role,group_type,base_amount_g,target_serving_n,ratio,base_recipe_id,target_recipe_id,label_b
양념류,조미료,no_heat,3.0,100,0.2667,1107,2823,0.655
부재료,부재료,no_heat,10.0,100,0.2,1107,2823,0.895
부재료,부재료,no_heat,5.0,100,0.3,1107,2823,0.895
부재료,부재료,no_heat,2.0,100,0.35,1107,2823,0.895
부재료,부재료,no_heat,2.5,100,0.64,1107,2823,0.895
부재료,부재료,moist_heat,2.0,100,1.5,1461,2728,0.895
양념류,조미료,moist_heat,1.0,100,1.0,1461,2728,0.655
양념류,조미료,moist_heat,15.0,100,0.2333,1461,2728,0.655
부재료,부재료,moist_heat,1.0,100,2.0,1461,2728,0.895
주재료,주재료,moist_heat,70.0,100,0.2857,1461,2728,0.933
양념류,조미료,no_heat,0.3,80,2.0833,1544,2649,0.655
양념류,조미료,no_heat,1.0,80,2.5,1544,2649,0.655
주재료,주재료,no_heat,30.0,80,2.5,1544,2649,0.933
부재료,부재료,no_heat,2.0,100,1.0,2039,2877,0.895
양념류,조미료,no_heat,2.0,100,0.5,2039,2877,0.655
양념류,조미료,no_heat,1.0,100,0.5,2039,2877,0.655
양념류,조미료,no_heat,2.0,80,1.875,1545,2649,0.655
양념류,조미료,no_heat,5.0,80,2.5,1545,2649,0.655
양념류,조미료,no_heat,2.0,80,2.5,1545,2649,0.655
양념류,조미료,no_heat,0.5,100,0.6,1449,2823,0.655
주재료,주재료,dry_heat,50.0,100,3.0,1253,2968,0.933
부재료,부재료,dry_heat,12.0,100,1.25,2179,2925,0.895
주재료,주재료,dry_heat,40.0,100,2.5,2179,2925,0.933
유지류,부재료,dry_heat,5.0,100,0.8,1253,2968,0.757
주재료,주재료,dry_heat,80.0,100,1.375,2246,2966,0.933
부재료,부재료,no_heat,2.0,100,1.0,2373,2913,0.895
양념류,조미료,no_heat,1.0,100,0.8,2373,2913,0.655
양념류,조미료,no_heat,0.5,100,0.8,2373,2913,0.655
양념류,조미료,no_heat,1.0,100,1.0,2149,2889,0.655
양념류,조미료,no_heat,1.0,100,1.5,2149,2889,0.655
양념류,조미료,no_heat,1.0,100,2.0,2149,2889,0.655
부재료,부재료,no_heat,1.0,100,1.0,2149,2889,0.895
양념류,조미료,moist_heat,3.0,100,1.0,2110,2919,0.655
양념류,조미료,moist_heat,1.0,100,1.0,2110,2919,0.655
양념류,조미료,moist_heat,2.0,100,0.4,2110,2919,0.655
양념류,조미료,moist_heat,1.0,100,1.5,2110,2919,0.655
주재료,주재료,moist_heat,35.0,100,0.5714,2110,2919,0.933
유지류,조미료,moist_heat,1.0,100,0.5,2110,2919,0.757
유지류,부재료,dry_heat,10.0,100,0.5,1395,2948,0.757
부재료,부재료,dry_heat,20.0,100,0.5,1395,2948,0.895
주재료,주재료,dry_heat,30.0,100,2.3333,1395,2948,0.933
부재료,부재료,no_heat,15.0,100,2.6667,2292,2688,0.895
주재료,주재료,no_heat,50.0,100,1.0,2292,2688,0.933
부재료,부재료,no_heat,5.0,100,2.0,2292,2688,0.895
주재료,주재료,no_heat,90.0,100,1.1111,2292,2688,0.933
부재료,부재료,moist_heat,20.0,100,1.5,1618,2778,0.895
부재료,부재료,moist_heat,20.0,100,2.5,1618,2778,0.895
양념류,조미료,moist_heat,1.0,100,2.0,1618,2778,0.655
부재료,부재료,moist_heat,5.0,100,2.0,1618,2778,0.895
주재료,주재료,moist_heat,70.0,100,2.8571,1920,3029,0.933
유지류,조미료,no_heat,1.0,100,0.5,1423,2628,0.757
양념류,조미료,no_heat,2.0,100,1.0,1423,2628,0.655
주재료,주재료,no_heat,30.0,100,0.3333,1423,2628,0.933
양념류,조미료,no_heat,2.0,100,0.5,1423,2628,0.655
양념류,조미료,no_heat,5.0,100,2.0,1423,2628,0.655
부재료,부재료,no_heat,3.0,100,0.6667,1423,2628,0.895
양념류,조미료,dry_heat,1.0,100,2.0,2165,2792,0.655
유지류,조미료,dry_heat,1.0,100,1.5,2165,2792,0.757
부재료,부재료,dry_heat,5.0,100,2.0,2165,2792,0.895
부재료,부재료,dry_heat,5.0,100,1.0,2165,2792,0.895
양념류,조미료,dry_heat,2.0,100,2.0,2165,2792,0.655
양념류,조미료,dry_heat,0.3,100,1.0,2165,2792,0.655
양념류,조미료,dry_heat,1.0,100,3.0,2165,2792,0.655
주재료,주재료,dry_heat,60.0,100,1.6667,2165,2792,0.933
양념류,조미료,dry_heat,1.0,100,2.0,2165,2792,0.655
부재료,부재료,dry_heat,40.0,100,1.0,2165,2792,0.895
양념류,조미료,dry_heat,1.0,100,3.0,2165,2792,0.655
부재료,부재료,dry_heat,10.0,100,2.0,2165,2792,0.895
양념류,조미료,moist_heat,5.0,100,0.4,2339,2733,0.655
주재료,주재료,moist_heat,40.0,100,1.0,2339,2733,0.933
수분류,주재료,moist_heat,30.0,100,1.0,2339,2733,1.058
양념류,조미료,moist_heat,5.0,100,0.6,2339,2733,0.655
주재료,주재료,moist_heat,20.0,100,3.0,2202,3038,0.933
양념류,조미료,no_heat,1.0,80,2.5,1541,2649,0.655
수분류,부재료,moist_heat,25.0,100,0.6,377,2590,1.058
부재료,부재료,moist_heat,15.0,100,0.6667,377,2590,0.895
주재료,주재료,moist_heat,150.0,100,0.4667,377,2590,0.933
부재료,부재료,moist_heat,1.0,100,1.0,377,2590,0.895
양념류,조미료,moist_heat,10.0,100,0.2,377,2590,0.655
부재료,부재료,moist_heat,30.0,100,0.5,377,2590,0.895
수분류,부재료,moist_heat,500.0,100,0.6,377,2590,1.058
부재료,부재료,moist_heat,1.0,100,2.0,377,2590,0.895
주재료,주재료,dry_heat,60.0,100,1.6667,1510,2787,0.933
부재료,부재료,dry_heat,5.0,100,2.0,1510,2787,0.895
부재료,부재료,dry_heat,20.0,100,1.0,1510,2787,0.895
양념류,조미료,dry_heat,1.0,100,0.3,1510,2787,0.655
주재료,주재료,dry_heat,100.0,100,1.5,1522,2922,0.933
양념류,조미료,dry_heat,0.5,100,0.6,1522,2922,0.655
부재료,부재료,dry_heat,20.0,100,1.0,1522,2922,0.895
양념류,조미료,moist_heat,1.0,100,0.3,1615,2750,0.655
부재료,부재료,moist_heat,5.0,100,0.2,1615,2750,0.895
부재료,부재료,moist_heat,15.0,100,1.3333,1615,2750,0.895
양념류,조미료,moist_heat,1.0,100,3.0,1615,2750,0.655
부재료,부재료,moist_heat,15.0,100,2.0,1615,2750,0.895
양념류,조미료,dry_heat,5.0,100,2.4,1863,2799,0.655
유지류,조미료,dry_heat,1.0,100,1.0,1863,2799,0.757
양념류,조미료,dry_heat,1.0,100,3.0,1863,2799,0.655
부재료,부재료,dry_heat,20.0,100,1.5,1863,2799,0.895
부재료,부재료,dry_heat,10.0,100,2.2,1863,2799,0.895
부재료,부재료,dry_heat,20.0,100,1.25,1863,2799,0.895
주재료,주재료,dry_heat,20.0,100,1.0,1863,2799,0.933
부재료,부재료,dry_heat,50.0,100,0.6,176,2930,0.895
부재료,부재료,dry_heat,20.0,100,0.55,176,2930,0.895
부재료,부재료,dry_heat,20.0,100,0.5,176,2930,0.895
부재료,부재료,dry_heat,50.0,100,0.3,176,2930,0.895
양념류,조미료,dry_heat,0.5,100,2.0,176,2930,0.655
부재료,부재료,dry_heat,20.0,100,1.1,176,2930,0.895
부재료,부재료,dry_heat,20.0,100,0.5,1532,2922,0.895
유지류,조미료,dry_heat,1.0,100,3.0,1302,2796,0.757
양념류,조미료,dry_heat,1.0,100,0.5,1302,2796,0.655
주재료,주재료,dry_heat,45.0,100,2.2222,1302,2796,0.933
부재료,부재료,dry_heat,5.0,100,1.0,1302,2796,0.895
양념류,조미료,dry_heat,0.3,100,1.0,1302,2796,0.655
부재료,부재료,dry_heat,10.0,100,1.0,1302,2796,0.895
양념류,조미료,dry_heat,1.0,100,2.0,1591,2897,0.655
양념류,조미료,dry_heat,5.0,100,1.4,1591,2897,0.655
양념류,조미료,dry_heat,1.0,100,2.0,1591,2897,0.655
유지류,조미료,dry_heat,1.0,100,0.5,1591,2897,0.757
양념류,조미료,dry_heat,0.3,100,0.6667,1591,2897,0.655
부재료,부재료,dry_heat,0.01,100,3.0,1591,2897,0.895
양념류,조미료,dry_heat,1.0,100,2.0,1890,2697,0.655
양념류,조미료,dry_heat,1.0,100,2.0,1890,2697,0.655
부재료,부재료,dry_heat,50.0,100,1.2,1890,2697,0.895
부재료,부재료,dry_heat,20.0,100,0.5,1890,2697,0.895
유지류,조미료,dry_heat,4.0,100,0.25,1890,2697,0.757
수분류,부재료,dry_heat,50.0,100,0.8,1890,2697,1.058
부재료,부재료,dry_heat,50.0,100,0.5,1890,2697,0.895
주재료,주재료,dry_heat,90.0,100,1.1111,1890,2697,0.933
양념류,조미료,no_heat,5.0,100,0.8,2414,2918,0.655
양념류,조미료,no_heat,3.0,100,0.6667,2414,2918,0.655
양념류,조미료,no_heat,5.0,100,0.8,2414,2918,0.655
유지류,조미료,moist_heat,1.0,100,2.0,760,2710,0.757
주재료,주재료,moist_heat,1.5,100,2.6667,760,2710,0.933
수분류,부재료,moist_heat,300.0,100,1.0,760,2710,1.058
양념류,조미료,moist_heat,1.0,100,1.0,760,2710,0.655
양념류,조미료,moist_heat,2.0,100,1.0,760,2710,0.655
부재료,부재료,dry_heat,15.0,100,2.4,1946,2926,0.895
주재료,주재료,dry_heat,60.0,100,1.3333,1946,2926,0.933
부재료,부재료,dry_heat,15.0,100,1.0,1946,2926,0.895
주재료,주재료,moist_heat,30.0,100,0.6667,1463,2736,0.933
부재료,부재료,moist_heat,2.0,100,1.5,1463,2736,0.895
부재료,부재료,moist_heat,1.0,100,3.0,1463,2736,0.895
부재료,부재료,moist_heat,5.0,100,0.4,1463,2736,0.895
양념류,조미료,moist_heat,10.0,100,1.5,1463,2736,0.655
양념류,조미료,moist_heat,1.0,100,1.0,1463,2736,0.655
양념류,조미료,no_heat,2.0,120,0.8333,1543,2645,0.655
양념류,조미료,no_heat,1.0,120,0.8333,1543,2645,0.655
부재료,부재료,no_heat,30.0,120,0.5556,1543,2645,0.895
주재료,주재료,no_heat,20.0,120,2.5,1543,2645,0.933
부재료,부재료,dry_heat,32.5,100,0.3077,943,2925,0.895
수분류,부재료,dry_heat,50.0,100,0.7,943,2925,1.058
부재료,부재료,dry_heat,70.0,100,0.2143,943,2925,0.895
주재료,주재료,moist_heat,70.0,100,0.8571,2011,2725,0.933
주재료,주재료,moist_heat,15.0,100,0.6667,1871,2711,0.933
유지류,부재료,dry_heat,1.0,100,2.0,2220,2971,0.757
주재료,주재료,dry_heat,60.0,100,1.6667,2220,2971,0.933
양념류,조미료,moist_heat,5.0,100,0.2,1871,2711,0.655
부재료,부재료,no_heat,1.0,100,2.0,1753,2843,0.895
양념류,조미료,no_heat,1.0,100,2.0,1753,2843,0.655
부재료,부재료,moist_heat,5.0,100,2.0,1871,2711,0.895
양념류,조미료,moist_heat,10.0,100,0.9,2011,2725,0.655
부재료,부재료,moist_heat,20.0,100,1.0,1871,2711,0.895
부재료,부재료,moist_heat,5.0,100,2.0,1659,3008,0.895
양념류,조미료,no_heat,1.0,100,2.0,1505,2825,0.655
양념류,조미료,no_heat,1.0,100,1.0,1505,2825,0.655
양념류,조미료,no_heat,1.0,100,3.0,1505,2825,0.655
부재료,부재료,no_heat,1.0,100,1.0,1505,2825,0.895
부재료,부재료,no_heat,2.0,100,1.0,1505,2825,0.895
부재료,부재료,moist_heat,20.0,100,0.5,2217,2751,0.895
수분류,부재료,moist_heat,20.0,100,1.0,2217,2751,1.058
양념류,조미료,moist_heat,5.0,100,0.2,2217,2751,0.655
부재료,부재료,moist_heat,10.0,100,2.0,2217,2751,0.895
양념류,조미료,moist_heat,5.0,100,0.6,2217,2751,0.655
부재료,부재료,moist_heat,3.0,100,1.6667,1948,2867,0.895
부재료,부재료,dry_heat,5.0,100,1.0,1306,2796,0.895
부재료,부재료,moist_heat,20.0,100,1.5,1972,2690,0.895
부재료,부재료,moist_heat,30.0,100,1.0,1972,2690,0.895
주재료,주재료,moist_heat,90.0,100,1.3333,1972,2690,0.933
주재료,주재료,moist_heat,65.0,100,0.3077,1972,2690,0.933
부재료,부재료,moist_heat,2.0,100,1.5,1972,2690,0.895
양념류,조미료,moist_heat,1.0,100,2.0,1972,2690,0.655
부재료,부재료,moist_heat,5.0,100,2.0,1972,2690,0.895
부재료,부재료,moist_heat,10.0,100,1.0,1972,2690,0.895
양념류,조미료,moist_heat,5.0,100,0.4,1972,2690,0.655
부재료,부재료,moist_heat,30.0,100,0.3333,1911,2760,0.895
주재료,주재료,moist_heat,90.0,100,2.3333,920,2592,0.933
부재료,부재료,moist_heat,15.0,100,0.45,920,2592,0.895
양념류,조미료,moist_heat,5.0,100,0.66,920,2592,0.655
수분류,부재료,moist_heat,600.0,100,0.8333,920,2592,1.058
부재료,부재료,moist_heat,5.0,100,2.0,1911,2760,0.895
부재료,부재료,moist_heat,2.5,100,1.2,1911,2760,0.895
부재료,부재료,dry_heat,30.0,100,0.5,1262,2797,0.895
양념류,조미료,dry_heat,0.5,100,1.4,1262,2797,0.655
주재료,주재료,dry_heat,60.0,100,1.3333,1262,2797,0.933
유지류,조미료,dry_heat,3.0,100,1.6667,1262,2797,0.757
양념류,조미료,no_heat,1.0,100,3.0,1788,2845,0.655
부재료,부재료,moist_heat,1.0,100,3.0,813,2719,0.895
양념류,조미료,moist_heat,1.0,100,1.5,813,2719,0.655
부재료,부재료,moist_heat,20.0,100,2.5,813,2719,0.895
주재료,주재료,moist_heat,20.0,100,1.5,813,2719,0.933
양념류,조미료,moist_heat,0.5,100,2.0,1254,3023,0.655
양념류,조미료,moist_heat,1.0,100,2.0,1254,3023,0.655
유지류,조미료,dry_heat,1.0,100,2.0,1738,2791,0.757
양념류,조미료,dry_heat,1.0,100,2.0,1738,2791,0.655
양념류,조미료,dry_heat,0.5,100,0.6,1738,2791,0.655
주재료,주재료,dry_heat,20.0,100,0.4,1738,2791,0.933
양념류,조미료,dry_heat,1.0,100,0.8,1738,2791,0.655
양념류,조미료,dry_heat,3.0,100,0.6667,1738,2791,0.655
양념류,조미료,moist_heat,1.0,100,2.0,1577,2761,0.655
부재료,부재료,moist_heat,5.0,100,2.0,1577,2761,0.895
양념류,조미료,moist_heat,1.0,100,1.0,1577,2761,0.655
부재료,부재료,moist_heat,20.0,100,1.5,1577,2761,0.895
주재료,주재료,moist_heat,10.0,100,2.5,1577,2761,0.933
부재료,부재료,moist_heat,5.0,100,0.8,1577,2761,0.895
양념류,조미료,moist_heat,10.0,100,1.0,1401,2729,0.655
주재료,주재료,moist_heat,40.0,100,1.75,1401,2729,0.933
양념류,조미료,dry_heat,0.5,100,1.0,1368,2815,0.655
양념류,조미료,dry_heat,1.0,100,1.0,1368,2815,0.655
부재료,부재료,moist_heat,2.0,100,2.5,2430,2771,0.895
부재료,부재료,moist_heat,30.0,100,1.3333,2430,2771,0.895
양념류,조미료,moist_heat,1.0,100,2.0,2430,2771,0.655
부재료,부재료,moist_heat,20.0,100,2.5,2430,2771,0.895
양념류,조미료,moist_heat,15.0,100,1.0,2430,2771,0.655
부재료,부재료,moist_heat,5.0,100,0.6,2430,2771,0.895
부재료,부재료,moist_heat,10.0,100,3.0,2322,2695,0.895
주재료,주재료,moist_heat,100.0,100,1.2,2322,2695,0.933
부재료,부재료,moist_heat,10.0,100,2.0,2322,2695,0.895
부재료,부재료,moist_heat,30.0,100,1.3333,2322,2695,0.895
유지류,조미료,dry_heat,5.0,100,1.0,1473,2806,0.757
주재료,주재료,dry_heat,40.0,100,1.25,1473,2806,0.933
양념류,조미료,no_heat,1.0,100,2.0,2013,2875,0.655
부재료,부재료,dry_heat,10.0,100,1.0,1473,2806,0.895
주재료,주재료,moist_heat,60.0,120,1.5278,1354,2609,0.933
부재료,부재료,moist_heat,5.0,120,0.8333,1354,2609,0.895
부재료,부재료,moist_heat,40.0,120,1.3958,1354,2609,0.895
양념류,조미료,moist_heat,0.5,120,1.1667,1354,2609,0.655
양념류,조미료,moist_heat,1.0,100,2.0,2213,2722,0.655
부재료,부재료,moist_heat,1.0,100,2.0,2213,2722,0.895
주재료,주재료,moist_heat,35.0,100,1.4286,2213,2722,0.933
양념류,조미료,moist_heat,1.0,100,1.0,2213,2722,0.655
부재료,부재료,moist_heat,2.0,100,1.5,2213,2722,0.895
부재료,부재료,moist_heat,7.0,100,0.7143,2213,2722,0.895
주재료,주재료,moist_heat,60.0,100,2.5,2004,2765,0.933
부재료,부재료,moist_heat,10.0,100,3.0,2004,2765,0.895
양념류,조미료,moist_heat,1.0,100,3.0,2004,2765,0.655
양념류,조미료,moist_heat,1.0,100,2.0,2004,2765,0.655
부재료,부재료,moist_heat,5.0,100,1.0,2004,2765,0.895
주재료,주재료,moist_heat,10.0,100,1.0,2004,2765,0.933
부재료,부재료,no_heat,10.0,100,0.3,1950,2869,0.895
양념류,조미료,no_heat,5.0,100,0.24,1950,2869,0.655
양념류,조미료,no_heat,2.0,100,0.3,1950,2869,0.655
유지류,조미료,no_heat,1.0,100,1.0,1697,2838,0.757
부재료,부재료,no_heat,5.0,100,1.0,1697,2838,0.895
양념류,조미료,no_heat,2.0,100,2.0,1697,2838,0.655
양념류,조미료,no_heat,1.0,100,1.5,1697,2838,0.655
양념류,조미료,no_heat,1.0,100,1.0,1697,2838,0.655
양념류,조미료,dry_heat,0.2,100,2.5,1110,2936,0.655
유지류,부재료,dry_heat,10.0,100,2.0,1110,2936,0.757
수분류,부재료,dry_heat,10.0,100,2.5,1110,2936,1.058
부재료,부재료,dry_heat,50.0,100,0.2,1110,2936,0.895
부재료,부재료,dry_heat,15.0,100,0.6667,1393,2948,0.895
부재료,부재료,moist_heat,2.0,100,0.6,1723,2840,0.895
부재료,부재료,dry_heat,10.0,100,2.0,1450,2793,0.895
부재료,부재료,moist_heat,1.0,100,1.0,1723,2840,0.895
주재료,주재료,dry_heat,60.0,100,1.6667,1450,2793,0.933
부재료,부재료,moist_heat,2.0,100,0.75,1723,2840,0.895
양념류,조미료,no_heat,3.0,100,1.6667,1553,2832,0.655
부재료,부재료,no_heat,1.0,100,0.5,1553,2832,0.895
양념류,조미료,no_heat,1.0,100,1.0,1553,2832,0.655
양념류,조미료,no_heat,0.5,100,1.0,1553,2832,0.655
유지류,조미료,no_heat,1.0,100,1.0,1553,2832,0.757
부재료,부재료,moist_heat,5.0,100,1.0,2304,2773,0.895
양념류,조미료,moist_heat,10.0,100,2.0,2304,2773,0.655
주재료,주재료,moist_heat,40.0,100,1.75,2050,2727,0.933
양념류,조미료,moist_heat,5.0,100,2.4,2050,2727,0.655
주재료,주재료,moist_heat,70.0,100,1.7143,2224,2989,0.933
유지류,조미료,moist_heat,1.0,100,0.6,1590,3038,0.757
부재료,부재료,moist_heat,5.0,100,1.0,1874,2713,0.895
양념류,조미료,moist_heat,1.0,100,1.0,1874,2713,0.655
수분류,주재료,moist_heat,30.0,100,1.6667,1874,2713,1.058
유지류,조미료,moist_heat,1.0,100,0.4,1874,2713,0.757
양념류,조미료,moist_heat,30.0,100,0.8,1310,2762,0.655
양념류,조미료,moist_heat,1.0,100,1.5,1310,2762,0.655
부재료,부재료,moist_heat,5.0,100,1.0,1310,2762,0.895
부재료,부재료,moist_heat,30.0,100,1.0,1310,2762,0.895
양념류,조미료,moist_heat,1.0,100,1.5,1310,2762,0.655
양념류,조미료,moist_heat,0.5,100,0.6,1310,2762,0.655
부재료,부재료,moist_heat,10.0,100,2.0,1310,2762,0.895
부재료,부재료,moist_heat,5.0,100,0.4,1310,2762,0.895
주재료,주재료,dry_heat,50.0,100,1.5,2009,2946,0.933
부재료,부재료,dry_heat,5.0,100,2.0,2009,2946,0.895
부재료,부재료,dry_heat,5.0,100,2.0,2009,2946,0.895
양념류,조미료,moist_heat,1.0,100,3.0,2024,2730,0.655
부재료,부재료,moist_heat,5.0,100,0.6,2024,2730,0.895
부재료,부재료,moist_heat,2.0,100,3.0,2024,2730,0.895
양념류,조미료,moist_heat,15.0,100,1.0,2024,2730,0.655
주재료,주재료,no_heat,30.0,300,2.6667,1754,2624,0.933
양념류,조미료,no_heat,1.0,100,1.4,2073,2851,0.655
양념류,조미료,no_heat,1.0,100,1.0,2073,2851,0.655
양념류,조미료,no_heat,0.5,100,1.0,2073,2851,0.655
부재료,부재료,no_heat,5.0,100,0.4,2073,2851,0.895
수분류,부재료,moist_heat,300.0,100,0.8333,770,2731,1.058
양념류,조미료,moist_heat,0.5,100,0.4,770,2731,0.655
부재료,부재료,moist_heat,10.0,100,0.3,770,2731,0.895
양념류,조미료,moist_heat,0.5,100,3.0,770,2731,0.655
부재료,부재료,moist_heat,5.0,100,0.6,770,2731,0.895
유지류,조미료,no_heat,1.0,100,0.2,1857,2858,0.757
양념류,조미료,no_heat,1.0,100,3.0,1857,2858,0.655
부재료,부재료,moist_heat,10.0,100,3.0,1810,3041,0.895
주재료,주재료,moist_heat,60.0,100,2.0,1810,3041,0.933
양념류,조미료,no_heat,1.0,100,1.0,2307,2901,0.655
유지류,조미료,no_heat,1.0,100,1.0,2307,2901,0.757
양념류,조미료,no_heat,1.0,100,2.0,2307,2901,0.655
양념류,조미료,dry_heat,0.5,100,2.0,1575,2682,0.655
부재료,부재료,dry_heat,10.0,100,1.0,1575,2682,0.895
양념류,조미료,dry_heat,1.0,100,1.5,1575,2682,0.655
부재료,부재료,dry_heat,20.0,100,1.0,1575,2682,0.895
주재료,주재료,dry_heat,90.0,100,1.1111,1575,2682,0.933
부재료,부재료,dry_heat,5.0,100,1.0,1616,2949,0.895
유지류,부재료,dry_heat,2.0,100,2.5,1616,2949,0.757
부재료,부재료,moist_heat,3.0,100,1.3333,1750,3021,0.895
주재료,주재료,moist_heat,100.0,100,2.4,1750,3021,0.933
양념류,조미료,moist_heat,2.0,100,1.0,1750,3021,0.655
양념류,조미료,moist_heat,10.0,100,3.0,1750,3021,0.655
양념류,조미료,moist_heat,1.0,100,1.0,1750,3021,0.655
양념류,조미료,moist_heat,1.0,100,2.0,1750,3021,0.655
양념류,조미료,dry_heat,10.0,100,1.0,2239,2547,0.655
주재료,주재료,dry_heat,70.0,100,1.4286,2239,2547,0.933
양념류,조미료,dry_heat,2.0,100,1.5,2239,2547,0.655
부재료,부재료,dry_heat,10.0,100,2.0,2239,2547,0.895
양념류,조미료,dry_heat,1.0,100,0.7,2157,2686,0.655
주재료,주재료,dry_heat,50.0,100,1.4,2157,2686,0.933
부재료,부재료,dry_heat,20.0,100,1.0,2157,2686,0.895
부재료,부재료,dry_heat,30.0,100,0.5,2157,2686,0.895
주재료,주재료,dry_heat,90.0,100,1.1111,2157,2686,0.933
부재료,부재료,dry_heat,5.0,100,0.4,2157,2686,0.895
부재료,부재료,dry_heat,10.0,100,1.5,2157,2686,0.895
유지류,조미료,no_heat,1.0,100,2.0,1808,2909,0.757
양념류,조미료,no_heat,1.0,100,1.0,1808,2909,0.655
양념류,조미료,moist_heat,7.0,100,1.4286,56,2724,0.655
주재료,주재료,moist_heat,120.0,100,0.5833,56,2724,0.933
양념류,조미료,no_heat,5.0,100,0.8,1771,2914,0.655
양념류,조미료,no_heat,5.0,100,0.4,1771,2914,0.655
수분류,주재료,moist_heat,40.0,100,1.25,2340,2577,1.058
부재료,부재료,moist_heat,2.0,100,1.5,2340,2577,0.895
양념류,조미료,moist_heat,1.0,100,2.0,2340,2577,0.655
부재료,부재료,moist_heat,2.0,100,1.0,1534,2590,0.895
부재료,부재료,moist_heat,5.0,100,0.4,1534,2590,0.895
부재료,부재료,moist_heat,1.0,100,2.0,2340,2577,0.895
부재료,부재료,moist_heat,5.0,100,0.4,2340,2577,0.895
부재료,부재료,moist_heat,10.0,100,2.0,113,2736,0.895
부재료,부재료,moist_heat,10.0,100,0.5,113,2736,0.895
수분류,부재료,moist_heat,300.0,100,0.8333,113,2736,1.058
부재료,부재료,moist_heat,20.0,100,1.0,113,2736,0.895
양념류,조미료,moist_heat,20.0,100,0.2,1663,2695,0.655
부재료,부재료,moist_heat,2.0,100,2.5,1794,2734,0.895
부재료,부재료,moist_heat,30.0,100,0.6667,1794,2734,0.895
양념류,조미료,moist_heat,15.0,100,1.3333,1794,2734,0.655
부재료,부재료,moist_heat,1.0,100,1.0,1794,2734,0.895
수분류,부재료,moist_heat,20.0,100,1.0,1535,2748,1.058
부재료,부재료,moist_heat,30.0,100,1.3333,1535,2748,0.895
양념류,조미료,moist_heat,5.0,100,0.4,1535,2748,0.655
부재료,부재료,moist_heat,10.0,100,0.4,1535,2748,0.895
주재료,주재료,moist_heat,40.0,100,2.5,1535,2748,0.933
부재료,부재료,moist_heat,2.0,100,1.0,1794,2734,0.895
부재료,부재료,moist_heat,10.0,100,0.5,1887,2861,0.895
부재료,부재료,dry_heat,20.0,100,1.0,1620,2949,0.895
부재료,부재료,dry_heat,5.0,100,2.0,1980,2684,0.895
양념류,조미료,dry_heat,1.0,100,2.0,1980,2684,0.655
주재료,주재료,dry_heat,10.0,100,2.5,1980,2684,0.933
부재료,부재료,dry_heat,10.0,100,2.0,1980,2684,0.895
양념류,조미료,moist_heat,1.0,100,2.0,1498,3057,0.655
양념류,조미료,no_heat,1.0,100,0.4,2153,2816,0.655
양념류,조미료,no_heat,0.5,100,2.0,2153,2816,0.655
양념류,조미료,moist_heat,1.0,100,1.0,1498,3057,0.655
양념류,조미료,no_heat,1.0,100,1.2,2153,2816,0.655
부재료,부재료,no_heat,1.0,100,1.3,2153,2816,0.895
주재료,주재료,moist_heat,85.0,100,2.8235,1304,3007,0.933
양념류,조미료,moist_heat,1.0,100,1.0,1683,2740,0.655
부재료,부재료,moist_heat,5.0,100,0.8,1683,2740,0.895
부재료,부재료,moist_heat,15.0,100,1.1,1683,2740,0.895
부재료,부재료,moist_heat,2.0,100,0.25,1683,2740,0.895
주재료,주재료,dry_heat,60.0,100,1.5,1982,2788,0.933
양념류,조미료,no_heat,1.0,80,2.5,1820,2650,0.655
양념류,조미료,no_heat,1.0,80,2.5,1820,2650,0.655
유지류,조미료,dry_heat,3.0,100,1.6667,928,2808,0.757
부재료,부재료,dry_heat,20.0,100,1.0,928,2808,0.895
부재료,부재료,dry_heat,30.0,100,2.75,928,2808,0.895
양념류,조미료,dry_heat,2.0,100,3.0,928,2808,0.655
양념류,조미료,no_heat,1.0,100,1.0,699,2849,0.655
유지류,조미료,no_heat,0.5,100,0.6,699,2849,0.757
양념류,조미료,no_heat,0.1,100,3.0,699,2849,0.655
양념류,조미료,no_heat,0.5,100,1.0,699,2849,0.655
주재료,주재료,dry_heat,60.0,100,0.8333,1297,2943,0.933
유지류,부재료,dry_heat,5.0,100,1.0,1297,2943,0.757
양념류,조미료,moist_heat,7.0,100,1.7143,1372,2764,0.655
부재료,부재료,moist_heat,5.0,100,1.4,1372,2764,0.895
양념류,조미료,moist_heat,5.0,100,0.3,1372,2764,0.655
부재료,부재료,moist_heat,10.0,100,1.0,1372,2764,0.895
부재료,부재료,moist_heat,5.0,100,0.3,1372,2764,0.895
주재료,주재료,dry_heat,15.0,100,2.6667,1865,2939,0.933
부재료,부재료,dry_heat,15.0,100,0.6667,1865,2939,0.895
주재료,주재료,dry_heat,40.0,100,2.25,960,2786,0.933
유지류,조미료,dry_heat,2.0,100,1.0,960,2786,0.757
양념류,조미료,dry_heat,3.0,100,0.3333,960,2786,0.655
양념류,조미료,dry_heat,5.0,100,0.2,960,2786,0.655
부재료,부재료,dry_heat,5.0,100,2.0,960,2786,0.895
양념류,조미료,moist_heat,2.0,100,1.0,1427,2997,0.655
주재료,주재료,moist_heat,20.0,100,1.5,1427,2997,0.933
부재료,부재료,moist_heat,20.0,100,0.75,1978,2710,0.895
부재료,부재료,no_heat,2.0,100,0.4,1913,2908,0.895
양념류,조미료,no_heat,1.0,100,2.0,1913,2908,0.655
부재료,부재료,no_heat,2.0,100,1.0,856,2886,0.895
양념류,조미료,no_heat,3.0,100,0.2667,856,2886,0.655
양념류,조미료,no_heat,1.0,100,0.4,856,2886,0.655
양념류,조미료,moist_heat,4.0,100,0.25,1639,2732,0.655
부재료,부재료,moist_heat,5.0,100,0.6,1309,2762,0.895
부재료,부재료,dry_heat,10.0,100,0.4,1459,2682,0.895
부재료,부재료,dry_heat,20.0,100,1.0,1459,2682,0.895
유지류,조미료,dry_heat,1.0,100,1.0,1584,2800,0.757
양념류,조미료,dry_heat,0.3,100,1.6667,1584,2800,0.655
양념류,조미료,dry_heat,3.0,100,1.6667,1584,2800,0.655
양념류,조미료,moist_heat,1.25,100,0.8,647,2724,0.655
주재료,주재료,moist_heat,15.0,100,1.3333,647,2724,0.933
부재료,부재료,moist_heat,2.5,100,0.4,647,2724,0.895
양념류,조미료,no_heat,1.0,80,1.25,54,2650,0.655
부재료,부재료,dry_heat,20.0,100,1.25,2135,2696,0.895
양념류,조미료,dry_heat,10.0,100,1.5,2135,2696,0.655
주재료,주재료,dry_heat,90.0,100,1.4444,2135,2696,0.933
부재료,부재료,dry_heat,10.0,100,1.5,2135,2696,0.895
부재료,부재료,no_heat,5.0,100,1.4,1873,2816,0.895
양념류,조미료,no_heat,3.0,100,1.8333,1873,2816,0.655
부재료,부재료,no_heat,3.0,100,1.6667,1873,2816,0.895
양념류,조미료,moist_heat,1.0,100,2.0,1377,2759,0.655
부재료,부재료,moist_heat,10.0,100,1.0,1377,2759,0.895
양념류,조미료,moist_heat,1.0,100,0.5,1377,2759,0.655
부재료,부재료,moist_heat,5.0,100,0.6,1377,2759,0.895
양념류,조미료,no_heat,10.0,100,0.5,2347,2909,0.655
부재료,부재료,no_heat,1.0,100,2.0,2347,2909,0.895
부재료,부재료,moist_heat,2.0,100,0.25,1732,2615,0.895
주재료,주재료,moist_heat,10.0,100,0.63,1732,2615,0.933
양념류,조미료,moist_heat,0.5,100,0.4,1732,2615,0.655
양념류,조미료,moist_heat,1.0,100,0.2,1732,2615,0.655
양념류,조미료,moist_heat,5.0,100,0.54,1732,2615,0.655
유지류,조미료,moist_heat,1.0,100,0.3,1732,2615,0.757
양념류,조미료,moist_heat,10.0,100,1.0,769,3007,0.655
수분류,부재료,moist_heat,200.0,100,0.2,769,3007,1.058
양념류,조미료,moist_heat,15.0,100,1.3333,769,3007,0.655
부재료,부재료,dry_heat,20.0,100,0.3,541,2846,0.895
양념류,조미료,dry_heat,0.3,100,2.0,541,2846,0.655
부재료,부재료,moist_heat,1.0,100,0.4,2381,2472,0.895
양념류,조미료,moist_heat,1.0,100,0.4,2381,2472,0.655
부재료,부재료,moist_heat,20.0,100,0.4,2381,2472,0.895
부재료,부재료,moist_heat,1.0,100,1.0,2381,2472,0.895
부재료,부재료,moist_heat,10.0,100,3.0,2381,2472,0.895
부재료,부재료,moist_heat,2.0,100,0.5,2381,2472,0.895
유지류,조미료,dry_heat,3.0,100,1.0,1696,2800,0.757
양념류,조미료,no_heat,5.0,100,0.5,2164,2892,0.655
부재료,부재료,no_heat,10.0,100,0.7,2164,2892,0.895
양념류,조미료,no_heat,3.0,100,1.1667,2164,2892,0.655
양념류,조미료,no_heat,0.3,100,0.6667,1854,2849,0.655
양념류,조미료,no_heat,0.5,100,3.0,1854,2849,0.655
부재료,부재료,no_heat,1.0,100,2.5,1854,2849,0.895
유지류,조미료,dry_heat,1.0,100,0.2,1301,2796,0.757
주재료,주재료,moist_heat,15.0,100,1.3333,1589,2765,0.933
주재료,주재료,no_heat,70.0,80,1.4286,2033,2650,0.933
부재료,부재료,moist_heat,30.0,100,0.6667,2369,2712,0.895
주재료,주재료,moist_heat,50.0,100,1.4,2369,2712,0.933
주재료,주재료,moist_heat,30.0,100,1.3333,2042,2766,0.933
양념류,조미료,dry_heat,2.0,100,1.0,1476,2806,0.655
부재료,부재료,moist_heat,30.0,100,0.6667,2237,2717,0.895
주재료,주재료,moist_heat,100.0,100,0.5,2237,2717,0.933
부재료,부재료,moist_heat,10.0,100,2.0,1629,2774,0.895
주재료,주재료,moist_heat,40.0,100,0.75,1629,2774,0.933
부재료,부재료,moist_heat,30.0,100,1.3333,1629,2774,0.895
양념류,조미료,moist_heat,0.5,100,1.0,2195,2736,0.655
양념류,조미료,moist_heat,1.0,300,1.0,2328,2599,0.655
부재료,부재료,moist_heat,40.0,300,0.9167,2328,2599,0.895
양념류,조미료,moist_heat,2.0,300,0.4167,2328,2599,0.655
양념류,조미료,moist_heat,1.0,300,0.8333,2328,2599,0.655
부재료,부재료,dry_heat,0.1,100,2.0,1106,2815,0.895
양념류,조미료,dry_heat,0.4,100,1.25,1106,2815,0.655
부재료,부재료,moist_heat,10.0,100,0.6,1562,3021,0.895
양념류,조미료,dry_heat,0.5,100,0.2,1091,2930,0.655
유지류,조미료,no_heat,1.0,100,0.5,1406,2876,0.757
유지류,조미료,dry_heat,1.0,100,2.0,1877,2958,0.757
주재료,주재료,dry_heat,60.0,100,1.6667,1877,2958,0.933
부재료,부재료,no_heat,1.0,100,1.5,1504,2856,0.895
양념류,조미료,no_heat,1.0,100,1.0,1504,2856,0.655
유지류,조미료,no_heat,1.0,100,2.0,1504,2856,0.757
양념류,조미료,no_heat,0.3,100,1.0,1504,2856,0.655
부재료,부재료,dry_heat,30.0,100,1.6667,1452,2793,0.895
부재료,부재료,dry_heat,2.0,100,2.5,1452,2793,0.895
부재료,부재료,moist_heat,1.0,100,1.0,1793,2577,0.895
부재료,부재료,no_heat,10.0,100,0.2,2150,2889,0.895
양념류,조미료,no_heat,1.0,100,1.0,1487,2876,0.655
양념류,조미료,no_heat,1.0,100,0.5,1487,2876,0.655
주재료,주재료,dry_heat,70.0,100,1.1429,1917,2570,0.933
유지류,조미료,no_heat,1.0,130,1.0385,1367,2621,0.757
주재료,주재료,no_heat,30.0,130,1.0256,1367,2621,0.933
양념류,조미료,no_heat,1.0,130,1.0385,1367,2621,0.655
양념류,조미료,no_heat,3.0,130,1.2821,1367,2621,0.655
부재료,부재료,no_heat,15.0,100,1.0,1802,2721,0.895
양념류,조미료,no_heat,1.0,100,0.5,1802,2721,0.655
양념류,조미료,no_heat,1.0,100,3.0,1802,2721,0.655
양념류,조미료,no_heat,1.0,100,1.4,1802,2721,0.655
부재료,부재료,no_heat,20.0,210,0.4762,1374,2622,0.895
부재료,부재료,no_heat,10.0,210,0.7143,1374,2622,0.895
부재료,부재료,no_heat,5.0,210,0.9524,1374,2622,0.895
주재료,주재료,no_heat,40.0,210,1.4286,1374,2622,0.933
주재료,주재료,moist_heat,50.0,100,3.0,1619,2993,0.933
부재료,부재료,moist_heat,20.0,100,3.0,1619,2993,0.895
주재료,주재료,moist_heat,3.0,100,1.6667,1318,2727,0.933
양념류,조미료,moist_heat,1.0,100,0.6,1428,2615,0.655
주재료,주재료,dry_heat,80.0,100,0.625,927,2509,0.933
부재료,부재료,dry_heat,40.0,100,0.25,927,2509,0.895
양념류,조미료,dry_heat,3.0,100,1.0,927,2509,0.655
양념류,조미료,dry_heat,5.0,100,1.0,927,2509,0.655
부재료,부재료,dry_heat,5.0,100,1.0,927,2509,0.895
유지류,조미료,dry_heat,1.0,100,3.0,927,2509,0.757
양념류,조미료,dry_heat,1.0,100,1.0,927,2509,0.655
주재료,주재료,dry_heat,60.0,300,1.1667,1563,2552,0.933
부재료,부재료,dry_heat,30.0,300,0.2222,1563,2552,0.895
부재료,부재료,moist_heat,1.0,100,0.6,1826,2731,0.895
양념류,조미료,moist_heat,15.0,100,1.2,1826,2731,0.655
부재료,부재료,moist_heat,20.0,100,2.0,1876,2711,0.895
양념류,조미료,moist_heat,1.0,100,2.0,1876,2711,0.655
유지류,조미료,no_heat,5.0,100,0.2,1119,2891,0.757
유지류,조미료,moist_heat,1.0,100,0.5,1876,2711,0.757
양념류,조미료,no_heat,5.0,100,0.4,1119,2891,0.655
부재료,부재료,no_heat,5.0,100,0.4,1119,2891,0.895
부재료,부재료,no_heat,10.0,100,0.2,1119,2891,0.895
양념류,조미료,moist_heat,5.0,100,2.0,2219,3008,0.655
부재료,부재료,dry_heat,0.1,100,2.0,837,2846,0.895
부재료,부재료,dry_heat,10.0,100,0.5,837,2846,0.895
부재료,부재료,dry_heat,5.0,100,1.0,837,2846,0.895
양념류,조미료,dry_heat,1.0,100,1.5,837,2846,0.655
부재료,부재료,moist_heat,5.0,260,0.7692,1605,2595,0.895
주재료,주재료,moist_heat,40.0,260,1.3462,1605,2595,0.933
부재료,부재료,moist_heat,10.0,260,0.5769,1605,2595,0.895
양념류,조미료,dry_heat,1.0,100,2.0,784,2806,0.655
주재료,주재료,dry_heat,150.0,100,0.6667,183,2967,0.933
유지류,부재료,dry_heat,10.0,100,0.8,183,2967,0.757
주재료,주재료,moist_heat,20.0,100,0.75,2413,2695,0.933
양념류,조미료,moist_heat,25.0,100,0.8,2413,2695,0.655
부재료,부재료,moist_heat,5.0,100,0.3,1190,2754,0.895
부재료,부재료,moist_heat,5.0,100,1.6,1190,2754,0.895
주재료,주재료,moist_heat,30.0,100,1.6667,1190,2754,0.933
부재료,부재료,moist_heat,3.0,100,0.6667,1190,2754,0.895
부재료,부재료,moist_heat,3.0,100,0.5,1190,2754,0.895
부재료,부재료,dry_heat,70.0,100,1.4286,2186,2810,0.895
부재료,부재료,dry_heat,5.0,100,2.0,2186,2810,0.895
유지류,조미료,dry_heat,1.0,100,2.0,2186,2810,0.757
주재료,주재료,dry_heat,50.0,100,1.2,2186,2810,0.933
양념류,조미료,moist_heat,5.0,100,2.4,2212,2735,0.655
양념류,조미료,no_heat,0.5,100,2.0,815,2820,0.655
양념류,조미료,no_heat,1.0,100,3.0,815,2820,0.655
부재료,부재료,no_heat,1.0,100,2.5,815,2820,0.895
부재료,부재료,dry_heat,10.0,100,2.0,2100,2680,0.895
양념류,조미료,dry_heat,0.01,100,2.0,2100,2680,0.655
양념류,조미료,dry_heat,0.3,100,1.6667,608,2946,0.655
부재료,부재료,dry_heat,5.0,100,2.0,2100,2680,0.895
양념류,조미료,dry_heat,1.0,100,0.7,2100,2680,0.655
유지류,부재료,dry_heat,1.0,100,3.0,2100,2680,0.757
부재료,부재료,moist_heat,40.0,100,1.0,1624,2980,0.895
부재료,부재료,moist_heat,10.0,100,2.0,1624,2980,0.895
양념류,조미료,moist_heat,0.5,100,2.0,1624,2980,0.655
주재료,주재료,dry_heat,50.0,100,3.0,1513,2923,0.933
양념류,조미료,dry_heat,0.5,100,1.0,1513,2923,0.655
양념류,조미료,no_heat,3.0,100,0.6667,1995,2874,0.655
양념류,조미료,no_heat,1.0,100,1.5,2374,2914,0.655
양념류,조미료,moist_heat,20.0,100,1.5,126,2777,0.655
수분류,부재료,moist_heat,300.0,100,1.1667,126,2777,1.058
부재료,부재료,moist_heat,10.0,100,2.0,126,2777,0.895
주재료,주재료,moist_heat,60.0,100,2.6667,1293,3011,0.933
부재료,부재료,moist_heat,20.0,100,3.0,1293,3011,0.895
부재료,부재료,dry_heat,10.0,100,2.0,1500,2808,0.895
수분류,부재료,moist_heat,300.0,100,0.8333,698,2754,1.058
부재료,부재료,no_heat,5.0,100,1.0,2297,2908,0.895
유지류,부재료,dry_heat,5.0,100,1.0,2188,2952,0.757
부재료,부재료,dry_heat,30.0,100,1.0,2188,2952,0.895
유지류,조미료,dry_heat,1.0,100,3.0,1315,2794,0.757
양념류,조미료,dry_heat,2.0,100,2.5,1315,2794,0.655
유지류,조미료,dry_heat,1.0,100,1.5,1315,2794,0.757
양념류,조미료,dry_heat,1.0,100,0.5,99,2943,0.655
부재료,부재료,dry_heat,15.0,100,0.3333,99,2943,0.895
양념류,조미료,no_heat,5.0,100,0.8,1914,2908,0.655
양념류,조미료,no_heat,3.0,100,1.3333,1914,2908,0.655
양념류,조미료,moist_heat,1.0,100,3.0,2258,2896,0.655
부재료,부재료,dry_heat,25.0,100,0.4,1538,2929,0.895
부재료,부재료,no_heat,3.0,100,0.8333,2173,2892,0.895
양념류,조미료,moist_heat,1.0,100,2.0,1869,2711,0.655
부재료,부재료,moist_heat,5.0,100,0.2,2385,2472,0.895
부재료,부재료,dry_heat,5.0,100,2.0,2282,2942,0.895
주재료,주재료,dry_heat,5.0,100,1.0,2282,2942,0.933
양념류,조미료,moist_heat,1.0,100,0.8,1664,2719,0.655
부재료,부재료,moist_heat,1.0,100,1.0,1664,2719,0.895
부재료,부재료,no_heat,1.0,100,3.0,1695,2917,0.895
부재료,부재료,no_heat,3.0,100,0.6667,1695,2917,0.895
양념류,조미료,no_heat,3.0,100,2.3333,1695,2917,0.655
유지류,조미료,no_heat,1.0,100,1.0,1695,2917,0.757
유지류,부재료,moist_heat,15.0,100,0.3333,323,2704,0.757
양념류,조미료,no_heat,2.0,100,3.0,2032,2876,0.655
양념류,조미료,dry_heat,0.3,100,1.0,1736,2791,0.655
유지류,조미료,dry_heat,1.0,100,2.0,890,2680,0.757
부재료,부재료,dry_heat,20.0,100,1.5,890,2680,0.895
부재료,부재료,dry_heat,5.0,100,1.4,2168,2792,0.895
