ingredient_name,category
식용유,유지류
참기름,유지류
콩나물,수분류
물,수분류
숙주나물,수분류
쌀뜨물,수분류
버터,유지류
김치,주재료
간장,주재료
국수,주재료
스파게티,주재료
밀가루,주재료
양송이버섯,주재료
우유,주재료
방울토마토,주재료
바게트빵,주재료
깍두기,주재료
고추장,주재료
쌀,주재료
소금,주재료
물엿,주재료
단호박,주재료
무,주재료
배추김치,주재료
달걀,주재료
누룽지,주재료
오징어채,주재료
배주스,주재료
팽이버섯,주재료
오징어,주재료
감자,주재료
두부,주재료
돼지고기,주재료
바나나,주재료
쌀국수,주재료
배추,주재료
들깨가루,주재료
사과,주재료
포도,주재료
느타리버섯,주재료
소고기,주재료
홍피망,주재료
연두부,주재료
열무김치,주재료
소면,주재료
올리브유,주재료
닭고기,주재료
단감,주재료
배,주재료
굴소스,주재료
총각김치,주재료
골뱅이,주재료
토마토,주재료
보리튀밥,주재료
콩고기,주재료
식초,양념류
연어,주재료
메밀국수,주재료
양파,주재료
떡,주재료
복숭아,주재료
양배추,부재료
미니파프리카,주재료
고구마,주재료
부추,부재료
오이,주재료
북어채,부재료
황태,주재료
멸치,양념류
치커리,주재료
딸기,부재료
새송이버섯,부재료
가지,부재료
브로콜리,주재료
당근,주재료
실곤약,부재료
만두피,부재료
다시마,부재료
돌나물,양념류
대구살,부재료
자색고구마,부재료
애호박,부재료
민들레 잎,부재료
호박잎,주재료
황태채,부재료
훈제오리고기,부재료
전복,주재료
검은콩,주재료
산마,주재료
풋고추,부재료
주꾸미,부재료
햄통조림,부재료
굴,부재료
콩,부재료
표고버섯,부재료
토란,주재료
홀토마토,부재료
삼치,주재료
귀리밥,부재료
밥,부재료
오이고추,부재료
광어,주재료
새우,주재료
또띠아,주재료
모시조개,부재료
연근,주재료
콜라비,주재료
찬밥,주재료
민어,주재료
현미,부재료
피망,부재료
수박껍질,부재료
신선초,부재료
마늘,부재료
라면,주재료
조기,주재료
돼지머리,주재료
코다리,주재료
풋사과,부재료
참외,주재료
백김치,주재료
생선살,부재료
미니버섯,주재료
옥수수콘,부재료
찹쌀가루,양념류
포카치아빵,부재료
대하,주재료
칵테일새우,부재료
봄동,부재료
파프리카,부재료
오징어 몸통,부재료
족발,주재료
파스타,부재료
찜갈비,부재료
도토리묵,부재료
우엉,부재료
미니 단호박,부재료
식빵,부재료
소시지,부재료
라이스페이퍼,부재료
보리쌀,부재료
오리고기,부재료
피시볼 검은콩,부재료
찹쌀,부재료
냉동고등어,부재료
볶은현미,부재료
관자,주재료
묵,부재료
흰앙금,부재료
장어,주재료
청국장가루,양념류
증편,부재료
훈제연어,부재료
체리,주재료
미숫가루,양념류
망고퓨레,부재료
줄기토마토,부재료
홍시,부재료
키위,주재료
양상추,부재료
보라로즈케일,부재료
꼬막,주재료
마늘종,부재료
곤약,주재료
미나리,부재료
대구,주재료
소고기육수,양념류
백일송이버섯,주재료
가쓰오부시,부재료
곤드레나물,양념류
바지락,부재료
두릅,주재료
검은깨,주재료
멜론,부재료
곤약국수,부재료
시금치,주재료
매실액,부재료
동태포,부재료
꽁치살,부재료
아귀,주재료
메밀면,부재료
두유,부재료
닭육수,양념류
동치미,부재료
도라지,주재료
마,주재료
고등어,주재료
문어,부재료
취나물,양념류
참치,부재료
얼갈이 배추,부재료
얼린 홍시,부재료
쌀가루,양념류
물파래,양념류
카스텔라,주재료
함초,부재료
울금가루,양념류
건미역줄기,부재료
고사리,부재료
더덕,주재료
청포묵,부재료
홍합,부재료
귀리,주재료
사골육수,양념류
콩가루,양념류
머윗대,부재료
아스파라거스,부재료
병어,주재료
비름나물,양념류
깻잎,주재료
머위대,부재료
수박 속껍질,부재료
오미자,주재료
얼린포도알,부재료
유부,주재료
소불고기,주재료
엿기름,부재료
다슬기살,부재료
부침가루,양념류
불린시래기,부재료
꽃게,주재료
칵테일 새우,부재료
떡볶이떡,부재료
LA갈비,주재료
오렌지,주재료
갈치,주재료
낙지,주재료
건도토리묵,주재료
안심,주재료
토마토홀,부재료
알배추,부재료
명란젓,부재료
카레가루,양념류
완두콩,주재료
쌈무,부재료
통밀가루,양념류
강력분,부재료
무말랭이,주재료
건미역,부재료
통배추,주재료
참나물,양념류
락교,주재료
냉동 곤약,부재료
콜리플라워,부재료
발효종,부재료
어린잎채소,주재료
가자미살,부재료
"""배추",부재료
맛살,부재료
게살,주재료
순두부,부재료
청경채,주재료
묵은지,주재료
명태포,부재료
커리,부재료
순무,주재료
요구르트,부재료
알감자,부재료
새우살,주재료
박력분,양념류
도미,주재료
삶은스파게티,부재료
감태,주재료
금태,주재료
김,주재료
꽁치,주재료
연두부큰것,부재료
콩비지,주재료
백새우,부재료
젤라틴,부재료
천도복숭아,부재료
판곤약,부재료
꽈리고추,주재료
열무,주재료
좁쌀,부재료
불린쌀,부재료
에멘탈 치즈,주재료
펜넬파스타,부재료
새우 살,부재료
죽순,부재료
찰어묵,주재료
까망베르치즈,부재료
건취나물,양념류
크림치즈,부재료
치자,부재료
냉동홍시,부재료
메밀가루,양념류
잡곡밥,부재료
단호박작은것,부재료
중력분,양념류
박력 쌀가루,양념류
오트밀,부재료
감귤,주재료
손질된 고등어,부재료
상추,부재료
옥수수,주재료
그린비타민,부재료
도미살,부재료
삶은병아리콩,부재료
팥,주재료
검은콩튀밥,부재료
잣,주재료
현미가루,양념류
바지락살,부재료
포항초,주재료
대파,부재료
조랭이떡,주재료
과메기,부재료
땅콩,부재료
흰살 생선,부재료
불린미역,부재료
호두,부재료
키조개관자,부재료
가자미,부재료
민들레,부재료
참취,부재료
풋마늘,부재료
절편,부재료
자몽,부재료
쌀떡,부재료
잡곡,주재료
바게트,부재료
건표고버섯,부재료
배추잎,부재료
당면,부재료
비트,주재료
감말랭이,주재료
땅콩호박,주재료
크랜베리,주재료
대추고,부재료
수삼,주재료
해선장,부재료
청고추,부재료
아몬드슬라이스,부재료
밤고구마,부재료
호떡,주재료
렌틸콩,부재료
호박고구마,부재료
어묵,주재료
녹차가루,양념류
멥쌀가루,양념류
말린오미자,부재료
밤,주재료
자두,주재료
유자,주재료
톳나물,양념류
퀴노아,주재료
참치통조림,부재료
만가닥버섯,주재료
고구마순,주재료
아욱,주재료
검정콩,부재료
매생이,주재료
병아리콩,부재료
통도라지,주재료
강력쌀가루,양념류
흰강낭콩,부재료
동태살,부재료
불린병아리콩,부재료
황금팽이버섯,부재료
미역 줄기,주재료
아몬드가루,양념류
갈비양념,부재료
갈치.손질한것,부재료
감,부재료
옥수수통조림,부재료
돼지잡뼈,부재료
돌산갓,부재료
된장,양념류
건새우,부재료
게,부재료
고구마줄기,부재료
고추잎,부재료
진간장,양념류
메추리알,부재료
냉동만두,부재료
만두,부재료
호박,부재료
떡국떡,부재료
귤,부재료
근대,부재료
실파,부재료
포기김치,부재료
참깨,부재료
깻잎순,부재료
날치알,부재료
냉이,부재료
녹두,부재료
다슬기,부재료
고추,부재료
단무지,부재료
얼갈이,부재료
크림스프,부재료
달래,부재료
튀김가루,양념류
도라지채,부재료
도루묵,부재료
돼지편육,부재료
동태,부재료
들깨,부재료
떡갈비,부재료
가래떡,부재료
마늘장아찌,부재료
마카로니,부재료
찐만두,부재료
머위,부재료
메밀묵,부재료
모닝빵,부재료
빵,부재료
얼갈이배추,부재료
냉면,부재료
물만두,양념류
미역,양념류
죽순통조림,부재료
미역줄기,부재료
미트볼,부재료
체리토마토,부재료
백설기,부재료
청피망,부재료
햄,부재료
북어,부재료
감자전분,부재료
비름,부재료
청수국수,부재료
찹쌀경단,부재료
새우젓,부재료
새우후라이,부재료
송편,부재료
수박,부재료
계피,부재료
토마토케첩,양념류
삶은시래기,부재료
무청우거지,부재료
시루떡,부재료
설탕,양념류
쑥갓,부재료
쑥,부재료
아몬드,부재료
전갱이,부재료
알타리김치,부재료
돼지족발,부재료
양미리,부재료
양송이스프,부재료
오렌지팩쥬스,부재료
오이피클,부재료
요플레,부재료
우동,부재료
우렁,부재료
우뭇가사리,부재료
우엉채,부재료
원추리나물,양념류
월동초,부재료
임연수어,부재료
먹장어,부재료
재치조개,부재료
조개살,부재료
새조개살,부재료
중면,부재료
칼국수,부재료
쭈꾸미,부재료
창란젓,부재료
흰콩,부재료
마요네즈,양념류
톳,부재료
쪽파,부재료
파래,부재료
스파게티소스,양념류
관자조개살,부재료
해파리,부재료
팥호빵,부재료
흑미,부재료
고춧가루,양념류
생크림,부재료
바베큐소스,양념류
조청,양념류
강낭콩,부재료
한천가루,부재료
청주,양념류
월계수잎,양념류
발사믹식초,양념류
연잎,부재료
쌀엿,양념류
보리,부재료
베이컨,부재료
매실청,양념류
애느타리버섯,부재료
적양배추,부재료
플레인요거트,부재료
시금치우유,주재료
저염소금,양념류
미니새송이버섯,부재료
석류즙,부재료
배춧잎,부재료
가시오가피,부재료
로즈마리,부재료
물김치국물,양념류
후르츠칵테일,부재료
샐러리,부재료
생강,부재료
맛간장,양념류
생강즙,부재료
강황가루,양념류
함초가루,양념류
오곡,부재료
아보카도,부재료
조개,부재료
허브크러스트,부재료
전분,부재료
어린잎,부재료
논우렁,주재료
저염간장,양념류
인삼,부재료
깻잎장아찌,주재료
파인애플,부재료
건곤드레,부재료
올방개묵,부재료
시금치가루,양념류
후춧가루,양념류
화이트와인,부재료
볶은율무,부재료
당귀잎,부재료
블루베리,주재료
슬라이스햄,부재료
망고,주재료
판젤라틴,부재료
맛술,부재료
백년초가루,양념류
통조림콩,부재료
라즈베리,부재료
흰로즈케일,부재료
셀러리,부재료
홍고추,부재료
청양고추,부재료
빵가루,양념류
찰보리,부재료
실치,주재료
불린표고버섯,부재료
명태,주재료
백일송이,부재료
자숙새우,부재료
꿀,부재료
뽕잎가루,양념류
곶감,주재료
노란콩,부재료
유기농 밀가루,양념류
육수,양념류
맛소금,양념류
푸실리,주재료
까나리액젓,양념류
들기름,부재료
오미자액,부재료
전복살,부재료
건로즈마리,부재료
쥬키니호박,부재료
통깨,양념류
펜네,부재료
적채,부재료
레몬,부재료
콩기름,부재료
건다시마,부재료
마카다미아,부재료
타피오카 전분,부재료
이스트,부재료
셀러리 줄기,부재료
인스턴트 이스트,부재료
시래기,부재료
견과류,부재료
냉동 새우살,부재료
사각 라이스페이퍼,부재료
홍새우 튀김,부재료
주키니호박,부재료
생새우,부재료
소라살,부재료
조갯살,부재료
흰후춧가루,양념류
케첩,양념류
아보카도작은것,부재료
자몽주스,부재료
식혜,부재료
새싹채소,부재료
대추,주재료
바질,주재료
삶은달걀,부재료
베이킹파우더,양념류
무염버터,부재료
백련초가루,양념류
포도주스,주재료
모차렐라치즈,부재료
건오레가노,부재료
할라피뇨,부재료
젖은 찹쌀가루,양념류
전분물,양념류
적양파,부재료
로메인상추,부재료
쌀튀밥,부재료
굵은소금,양념류
참마,부재료
매실장아찌,주재료
오곡밥,부재료
누룽지가루,양념류
로메인,부재료
멍게살,부재료
곰피,주재료
거피녹두,부재료
무순,주재료
청국장,주재료
곤약미,부재료
서리태,주재료
현미찹쌀,부재료
페이스트,부재료
현미밥,부재료
돼지호박,부재료
새싹,부재료
래디시,부재료
사워크림,부재료
유자청,부재료
제철과일,부재료
슈거파우더,양념류
코코넛슬라이스,부재료
요거트,부재료
생강가루,양념류
무첨가두유,부재료
알비트,부재료
라임,주재료
홍초,주재료
참느타리버섯,부재료
황태머리,부재료
코코아가루,양념류
치커리잎,부재료
파인애플통조림,부재료
건포도,부재료
옥수수전분,부재료
홍어,부재료
동그랑땡,부재료
동태알,부재료
휘핑크림,부재료
스테이크소스,양념류
구운김,부재료
나박김치,부재료
자연송이버섯,부재료
양송이버섯통조림,부재료
김가루,양념류
액젓,양념류
기장쌀,부재료
완두콩캔,부재료
춘장,부재료
미꾸라지,부재료
쌈장,부재료
레몬주스,양념류
핫소스,양념류
비트알,부재료
건무,부재료
맛김치,부재료
닭뼈,부재료
계피가루,양념류
연와사비,양념류
미향,양념류
앙상추,부재료
다진마늘,양념류
볶은 흑임자,부재료
노루궁뎅이버섯,부재료
돈나물,양념류
생강청,부재료
마늘기름,부재료
코코넛밀크,주재료
무화과,부재료
고수,부재료
케일,부재료
흰후추,양념류
파인애플 통조림,부재료
드라이토마토,부재료
통후추,양념류
무장아찌,부재료
생김,부재료
낙지다리,부재료
검정깨묵,부재료
치즈,부재료
호박가루,양념류
볶은수수,부재료
후추,양념류
화이트 초콜릿,부재료
피스타치오,부재료
소라,부재료
레드치커리,부재료
석박지,부재료
굵은 면발 라면,부재료
허브소금,양념류
레몬즙,부재료
저염된장,양념류
흰살생선,부재료
플레인 요거트,부재료
옥수수알,부재료
홍합살,부재료
김장김치,부재료
우리밀가루,양념류
쌈채,부재료
파슬리,부재료
국간장,양념류
올리고당,부재료
호상요구르트,부재료
피클,부재료
소주,부재료
막걸리,부재료
참다래,부재료
율무,부재료
강황쌀,부재료
양파 껍질,부재료
잎녹차,부재료
비트가루,양념류
캐슈넛,부재료
그린치커리,부재료
전립분,부재료
스트링치즈,부재료
인스턴트 드라이 이스트,부재료
아삭이고추,부재료
조선무,부재료
따뜻한 우유,부재료
드라이이스트,부재료
알룰로스,부재료
탄산수,부재료
양장피 면,부재료
대추슬라이스,부재료
미니사과,부재료
청홍고추,부재료
파프리카가루,양념류
생면,부재료
파르메산치즈가루,양념류
패주,부재료
게살냉동,부재료
귤통조림,부재료
설탕시럽,양념류
알토란,주재료
건고추,부재료
참치살,부재료
넛맥,부재료
발사믹크림,부재료
삼계탕 티백,부재료
목이버섯,부재료
찐어묵,부재료
생밤,주재료
따뜻한물,양념류
건바질,부재료
디존 머스타드,부재료
수수,부재료
생이스트,부재료
차이브,부재료
가루녹차,양념류
코코넛오일,부재료
쑥가루,양념류
메밀튀밥,부재료
피칸,부재료
데친취나물,양념류
워터크레스,부재료
통아몬드,부재료
다진 할라피뇨,부재료
삶은죽순,부재료
깨소금,양념류
앤초비,부재료
은행,부재료
에멘탈치즈,부재료
보릿가루,양념류
옥수수가루,양념류
마스카르포네치즈,부재료
레드와인,부재료
타가토스,부재료
고구마칩,부재료
무가당 휘핑크림,부재료
코코아,부재료
미소된장,양념류
청포도,부재료
밤콩,부재료
겨자,부재료
땅콩가루,양념류
미더덕,부재료
사이다,부재료
슬라이스체더치즈,부재료
찰수수쌀,부재료
대추채,부재료
옥수수순캔,부재료
백설탕,양념류
토마토페이스트,양념류
얼음,부재료
아이순,부재료
잣가루,부재료
석류,주재료
스팸,부재료
저염살라미,부재료
해초,부재료
새우가루,양념류
저염베이컨,부재료
적겨자,부재료
맥주,부재료
혼합견과,부재료
한천,부재료
치자가루,양념류
식용꽃,부재료
오미자물,양념류
카놀라유,부재료
단배추,주재료
미니양배추,부재료
삶은닭고기,부재료
파슬리가루,양념류
오렌지주스,부재료
말린 자두,부재료
튀김기름,부재료
굵은 소금,양념류
완두콩알,부재료
현미유,부재료
혼합견과류,부재료
덧밀가루,양념류
겨자가루,양념류
머스터드,주재료
치킨육수,양념류
거피들깨가루,양념류
포도씨유,부재료
우무묵,부재료
라디치오,부재료
호밀가루,양념류
과일,부재료
사과식초,부재료
시판 크루통,부재료
새뱅이,주재료
채소 육수,양념류
양고기,부재료
겉절이,주재료
건목이버섯,부재료
그린빈스,부재료
냉동 아보카도,부재료
방아잎,주재료
익힌 전복내장,부재료
저염 간장,양념류
감자튀김,부재료
불린함초,부재료
디포리,부재료
크래미,부재료
카옌페퍼,부재료
쌈다시마,부재료
민트,부재료
산딸기,부재료
옥수수가루플렌타가루,양념류
슬라이스치즈,부재료
불린당면,부재료
멸치육수,양념류
불린곤약쌀,부재료
아이스크림,부재료
드라이 이스트,부재료
토마토콩카세,부재료
낫토,주재료
고추기름,부재료
백년초 가루,양념류
유자필,부재료
땅콩버터,부재료
와사비,주재료
비타민,부재료
커민파우더,양념류
스테비아,부재료
단호박가루,양념류
민트잎,부재료
무염 버터,부재료
애플민트,부재료
불린곤드레나물,양념류
다크초콜릿,부재료
호두깐것,부재료
후르츠칵테일캔,부재료
전어,부재료
미림,양념류
황설탕,양념류
멸치액젓,양념류
백합,부재료
먹물파스타,양념류
저염 된장,양념류
볶은 현미,부재료
해물육수,양념류
바질가루,양념류
함초소금,양념류
귤병,부재료
찹쌀현미밥,부재료
삼색분말,부재료
오레가노,부재료
요리당,부재료
새알심 찹쌀가루,양념류
슬라이스연어,부재료
다진생강,부재료
조미료,부재료
저지방우유,부재료
마늘튀김,부재료
라임주스,부재료
머스터드씨드,부재료
루콜라,부재료
저염버터,부재료
크래커,부재료
와인,부재료
어간장,양념류
베이비채소,부재료
건대추,부재료
검은콩가루,양념류
라임즙,부재료
두부면,부재료
떡볶이파우더,양념류
삶은감자,부재료
탈리아텔레,부재료
라임청,부재료
절임 올리브,부재료
파르메산치즈,부재료
버섯가루,양념류
구기자,주재료
포도주,부재료
양파가루,양념류
흰목이버섯,부재료
해조국수,부재료
훈제닭고기,부재료
고추냉이,부재료
사과작은것,부재료
레몬껍질,부재료
파마산치즈,부재료
플레인 요구르트,부재료
다시마가루,양념류
레드와인식초,부재료
파인소프트 T,부재료
레드어니언,부재료
할라피뇨 피클,부재료
호박씨,부재료
슬라이스아몬드,부재료
타임,부재료
손질된 흰살생선,부재료
클로렐라가루,양념류
건홍고추,부재료
진달래꽃,부재료
카스텔라가루,양념류
현미튀밥,부재료
팥앙금,부재료
깨,부재료
카스테라,부재료
푸룬,부재료
생수,부재료
건블루베리,부재료
달걀지단,부재료
블랙타이거새우,부재료
무가당 두유,부재료
젓갈,부재료
스위트머스터드소스,양념류
짜장,부재료
.,부재료
치즈가루,양념류
멸치젓,부재료
토마토퓨레,부재료
미원,양념류
홍새우살,부재료
눈꽃치즈,부재료
버섯마늘소금,양념류
백년초국수,부재료
연유,부재료
조,부재료
연어통조림,부재료
딸기잼,부재료
블루베리잼,부재료
완두콩드레싱 삶은 완두콩,양념류
절임물,양념류
헤이즐넛,부재료
말린 매생이,부재료
라면스프,부재료
바케트,부재료
녹차소금,양념류
홀그레인머스터드,부재료
피클링스파이스,부재료
레몬제스트,부재료
오렌지 주스,부재료
고추피클,부재료
칠리,부재료
미니단호박,부재료
바질페스토,부재료
아가베 시럽,부재료
쌈추,부재료
장,부재료
코코넛워터,주재료
그라나파다노치즈,부재료
식용 꽃,부재료
황태 머리,부재료
땅콩 분태,부재료
마늘가루,양념류
코리앤더 씨드,부재료
양파즙,부재료
찰깨빵,주재료
스리라차,부재료
땅콩기름,부재료
다진 타임,부재료
바케트빵,부재료
블랙올리브,부재료
매실식초,부재료
배즙,부재료
파인소프트 C,부재료
무청,부재료
건함초,부재료
건타임,부재료
야채육수,양념류
꼬막살,부재료
영콘,부재료
크림,주재료
파인애플주스,부재료
다시물,양념류
냉동딸기,부재료
보리새우,부재료
피클링 스파이스,부재료
쑥 파우더,양념류
곤약면,부재료
조선김,부재료
모듬새싹,부재료
발사믹소스,양념류
적근대,부재료
해바라기씨,부재료
뽕잎국수,부재료
감식초,부재료
허브타르타르드레싱 양파,양념류
레시틴가루,양념류
사과즙,부재료
보리된장,양념류
새우젓국물,양념류
복분자,주재료
백년초,부재료
연겨자,부재료
사과주스,부재료
토마토 홀,부재료
아몬드 플레이크,부재료
볶음,부재료
백목이버섯,부재료
흰다리새우,부재료
그릭요거트,부재료
마늘즙,부재료
리치캔,부재료
불린현미,부재료
감태가루,양념류
파래김,부재료
뉴그린,부재료
레몬그라스,부재료
베이킹 파우더,양념류
포도식초,부재료
춘권피,부재료
블랙초콜릿,부재료
두반장,부재료
호부추,부재료
도토리가루,양념류
바닐라에센스,부재료
백앙금,부재료
파트 페레멘테,부재료
삶은소면,부재료
건무화과,부재료
우스터소스,양념류
커피,부재료
치자국수,부재료
김밥용 김,부재료
데리야키소스,부재료
생들기름,부재료
데친미나리,부재료
된장콩가루,양념류
세발나물,양념류
바나나식초,부재료
먹물,양념류
칵텔새우,부재료
채소국물,양념류
흑마늘진액,부재료
건크랜베리,부재료
청상추,부재료
블랙올리브 파우더,양념류
바질럽드,부재료
핑크 페퍼,부재료
녹인 무염 버터,부재료
홍토마토,부재료
올리브,부재료
샐러리잎,부재료
파인애플 통조림 국물,양념류
연어 필레,부재료
허브가루,양념류
바닐라 에센스,부재료
통후추부순것,양념류
생선육수,양념류
데미글라스,부재료
애플민트잎,부재료
유자앙금,부재료
흰깨,부재료
아몬드우유,부재료
저염치즈,부재료
머스터드가루,양념류
물미지근한것,양념류
그린빈,부재료
토마토통조림,부재료
코코넛설탕,양념류
통조림단팥,부재료
레몬 제스트,부재료
리코타치즈,부재료
불린라이스페이퍼,부재료
볶은 호두,부재료
아보카도오일,부재료
볼락,부재료
우거지,부재료
샐러드드레싱,양념류
새우젓국,부재료
우렁이,부재료
이탈리아시즈닝,부재료
흑설탕,양념류
멸치다시마육수,양념류
저염국간장,양념류
건당면,부재료
홀스래디시,부재료
불린검은콩,부재료
아몬드 슬라이스,부재료
치아바타,부재료
훈제 파프리카파우더,양념류
삶은검은콩,부재료
케이퍼,부재료
백만송이버섯,부재료
토마토홀통조림,부재료
알룰로스 가루,양념류
귤즙,부재료
분유,부재료
넛맥가루,양념류
적포도주,부재료
당근주스,부재료
앤다이브,부재료
바닐라빈,부재료
바닐라향,부재료
표고버섯가루,양념류
볶은 아몬드 슬라이스,부재료
돈까스소스,양념류
오렌지즙,부재료
겨자가루.,양념류
쌀파스타면,부재료
허브식초,부재료
삶은메추리알,부재료
대파뿌리,부재료
스테이크 곤약,부재료
멕시코고추,부재료
건조체리,부재료
어린싹,부재료
스위트칠리,부재료
동치미국물,양념류
황도,부재료
명이김치,부재료
야채국물,양념류
말린 방울토마토,부재료
찐밤고구마,부재료
완숙 토마토,부재료
카옌 페퍼,부재료
누룩소금,양념류
알파벳파스타,부재료
아몬드 분말,부재료
카카오닙스,부재료
허니머스터드,부재료
카카오 닙스,부재료
황태포,부재료
찐고구마,부재료
먹물 가루,양념류
병아리콩 삶은 물,양념류
백된장,양념류
디존머스터드,부재료
허브오일드레싱 저염소금,양념류
정향,부재료
마늘칩,부재료
치킨스톡,부재료
그라놀라,부재료
발효겨자,부재료
레몬소금,양념류
토마토 페이스트,부재료
베트남 건고추,부재료
불린찹쌀,부재료
커민,부재료
가람마살라,부재료
버거빵,부재료
골뱅이통조림,양념류
우스터,부재료
수란,부재료
물필요량,양념류
부추 또는 실파,부재료
베이킹소다,부재료
현미식초,부재료
전지분유,부재료
피시소스,양념류
플레인요구르트,부재료
화이트크림,부재료
두부강된장,양념류
다시다,부재료
어린채소,부재료
페페론치노,부재료
레몬청,부재료
찐자색고구마,부재료
코리앤더파우더,양념류
살사,부재료
오레가노가루,양념류
카카오매스,부재료
메이플시럽,부재료
노두유,부재료
조미김가루,양념류
볶은검정깨,양념류
실고추,부재료
토마토페스트,부재료
저염진간장,양념류
커리가루,양념류
토마토 페스트,부재료
화이트 와인,부재료
백후추,양념류
콩국물,양념류
허브버터,부재료
타바스코,부재료
머스터드소스,부재료
탈지분유,부재료
그린비아,부재료
팔각,부재료
빠금장,부재료
딜,부재료
파인애플청,부재료
무가당 플레인 요거트,부재료
제빵개량제,부재료
무염 치즈,부재료
체더치즈,부재료
피넛버터,부재료
오가피,부재료
생청국장,부재료
불린무말랭이,부재료
오미자청,부재료
강황,부재료
돈가스,주재료
시판 누룽지,부재료
코리앤더가루,양념류
홀그레인,부재료
식물성 생크림,양념류
무가당 아보카도 마요네즈,양념류
돼지감자가루,양념류
레드크러쉬드 페퍼,부재료
현미쌀가루,양념류
파프리카 가루,양념류
쌀겨,부재료
스테이크시즈닝,부재료
유자청간장,양념류
다시팩,부재료
