code,allergen,ingredient_id,ingredient_name,basis,note
01,난류,37,달걀,직접,
01,난류,38,달걀(노른자),직접,
01,난류,98,달걀(흰자),직접,
01,난류,96,달걀(노른자)지단,직접,
01,난류,97,달걀(흰자)지단,직접,
01,난류,514,달걀지단,직접,
01,난류,95,삶은달걀,직접,
01,난류,220,삶은달걀(노른자),직접,
01,난류,1325,액상전란,직접,
01,난류,834,수란,직접,
01,난류,635,메추리알,직접,
01,난류,1312,깐메추리알,직접,
01,난류,222,삶은메추리알,직접,
01,난류,605,마요네즈,가공품,난황
01,난류,651,무가당 아보카도 마요네즈,가공품,마요네즈류 — 난황 사용 제품이 대부분
01,난류,1254,허브타르타르드레싱 양파,가공품,타르타르=마요네즈 베이스
01,난류,1123,카스테라,가공품,
01,난류,1124,카스텔라,가공품,
01,난류,1125,카스텔라가루,가공품,
01,난류,860,식빵,가공품,시판 식빵 표시 사례(1.2.5.6)
01,난류,646,모닝빵,가공품,
01,난류,730,버거빵,가공품,
01,난류,33,맛살,가공품,게맛살 원재료(난백)
01,난류,321,크래미,가공품,
01,난류,541,동그랑땡,가공품,반죽에 달걀
01,난류,536,돈가스,가공품,튀김옷
01,난류,799,새우후라이,가공품,튀김옷
01,난류,900,아이스크림,보수적,난황 사용 제품 다수
02,우유,996,우유,직접,
02,우유,564,따뜻한 우유,직접,
02,우유,1032,저지방우유,직접,
02,우유,855,시금치우유,가공품,
02,우유,762,분유,직접,
02,우유,1043,전지분유,직접,
02,우유,1165,탈지분유,직접,
02,우유,944,연유,직접,
02,우유,215,버터,직접,
02,우유,658,무염버터,직접,
02,우유,656,무염 버터,직접,
02,우유,494,녹인 무염 버터,직접,
02,우유,1027,저염버터,직접,
02,우유,1250,허브버터,직접,
02,우유,234,치즈,직접,
02,우유,1031,저염치즈,직접,
02,우유,657,무염 치즈,직접,
02,우유,1104,체더치즈,직접,
02,우유,255,슬라이스체더치즈,직접,
02,우유,256,슬라이스치즈,직접,
02,우유,1115,치즈가루,직접,
02,우유,353,눈꽃치즈,직접,
02,우유,149,리코타치즈,직접,
02,우유,167,모차렐라치즈,직접,
02,우유,267,에멘탈치즈,직접,
02,우유,938,에멘탈 치즈,직접,
02,우유,330,파마산치즈,직접,
02,우유,9,파르메산치즈,직접,
02,우유,329,파르메산치즈가루,직접,
02,우유,55,그라나파다노치즈,직접,
02,우유,153,마스카르포네치즈,직접,
02,우유,465,까망베르치즈,직접,
02,우유,848,스트링치즈,직접,
02,우유,1157,크림치즈,직접,
02,우유,1377,치즈가래떡,가공품,
02,우유,814,생크림,직접,
02,우유,1155,크림,직접,
02,우유,1299,휘핑크림,직접,
02,우유,653,무가당 휘핑크림,직접,
02,우유,1381,쿠킹크림,직접,
02,우유,781,사워크림,직접,
02,우유,1286,화이트크림,직접,
02,우유,859,식물성 생크림,보수적,카제인나트륨 함유 제품 다수
02,우유,982,요거트,직접,
02,우유,452,그릭요거트,직접,
02,우유,1225,플레인요거트,직접,
02,우유,1223,플레인 요거트,직접,
02,우유,652,무가당 플레인 요거트,직접,
02,우유,983,요구르트,직접,
02,우유,1226,플레인요구르트,직접,
02,우유,1224,플레인 요구르트,직접,
02,우유,1271,호상요구르트,직접,
02,우유,985,요플레,직접,
02,우유,1369,요거트드레싱,가공품,
02,우유,900,아이스크림,가공품,
02,우유,1285,화이트 초콜릿,가공품,
02,우유,507,다크초콜릿,보수적,유성분 함유 제품 다수
02,우유,765,블랙초콜릿,보수적,유성분 함유 제품 다수
02,우유,178,바질페스토,가공품,파르메산치즈
02,우유,1156,크림스프,가공품,
02,우유,921,양송이스프,가공품,크림수프
02,우유,1123,카스테라,가공품,
02,우유,1124,카스텔라,가공품,
02,우유,1125,카스텔라가루,가공품,
02,우유,860,식빵,가공품,
02,우유,646,모닝빵,가공품,
02,우유,730,버거빵,가공품,
02,우유,536,돈가스,가공품,
02,우유,1122,카레가루,가공품,시판 카레 원재료(탈지분유)
02,우유,1134,커리,가공품,
02,우유,1135,커리가루,가공품,
02,우유,1385,하이라이스가루,가공품,
02,우유,451,그라놀라,보수적,
03,메밀,632,메밀가루,직접,
03,메밀,163,메밀면,직접,
03,메밀,162,메밀국수,직접,
03,메밀,232,메밀국수(생면),직접,
03,메밀,633,메밀묵,직접,
03,메밀,356,메밀튀밥,직접,
03,메밀,487,냉면,가공품,냉면 면(메밀·밀)
04,땅콩,50,땅콩,직접,
04,땅콩,568,땅콩가루,직접,
04,땅콩,569,땅콩기름,직접,
04,땅콩,138,땅콩버터,직접,
04,땅콩,336,피넛버터,직접,
04,땅콩,1347,땅콩분태,직접,
04,땅콩,567,땅콩 분태,직접,
04,땅콩,76,견과류,보수적,구성 불명 혼합 견과
04,땅콩,1272,혼합견과,보수적,구성 불명 혼합 견과
04,땅콩,1273,혼합견과류,보수적,구성 불명 혼합 견과
04,땅콩,451,그라놀라,보수적,
05,대두,1149,콩,직접,
05,대두,109,콩(대두),직접,
05,대두,186,콩(백태),직접,
05,대두,491,노란콩,직접,
05,대두,1310,흰콩,직접,
05,대두,407,검은콩,직접,검은콩(서리태 등)도 대두
05,대두,411,검정콩,직접,
05,대두,195,불린검은콩,직접,
05,대두,219,삶은검은콩,직접,
05,대두,408,검은콩가루,직접,
05,대두,409,검은콩튀밥,직접,
05,대두,815,서리태,직접,
05,대두,707,밤콩,직접,대두 품종
05,대두,1183,통조림콩,보수적,콩 종류 불명
05,대두,1228,피시볼 검은콩,보수적,
05,대두,21,두부,직접,
05,대두,31,두부(검은콩),직접,
05,대두,94,두부(단단한),직접,
05,대두,194,두부(부침용),직접,
05,대두,557,두부면,직접,
05,대두,840,순두부,직접,
05,대두,940,연두부,직접,
05,대두,941,연두부큰것,직접,
05,대두,132,두유,직접,
05,대두,30,두유(검은콩),직접,
05,대두,660,무첨가두유,직접,
05,대두,650,무가당 두유,직접,
05,대두,1380,콩물,직접,
05,대두,1151,콩국물,직접,
05,대두,66,콩가루,직접,
05,대두,1152,콩비지,직접,
05,대두,1150,콩고기,직접,
05,대두,110,콩기름,직접,대두유 — 법정 표시 대상
05,대두,334,유부,직접,
05,대두,1338,냉동 유부(채),직접,
05,대두,479,낫토,직접,
05,대두,133,콩나물,직접,대두 싹
05,대두,1379,콩나물(찜용),직접,
05,대두,593,레시틴가루,가공품,대두 레시틴
05,대두,56,간장,가공품,
05,대두,440,국간장,가공품,
05,대두,615,맛간장,가공품,
05,대두,1072,진간장,가공품,
05,대두,1364,양조간장,가공품,
05,대두,1372,재래간장,가공품,
05,대두,213,저염간장,가공품,
05,대두,1024,저염 간장,가공품,
05,대두,1026,저염국간장,가공품,
05,대두,1030,저염진간장,가공품,
05,대두,286,유자청간장,가공품,
05,대두,11,어간장,가공품,
05,대두,490,노두유,가공품,
05,대두,103,된장,가공품,
05,대두,367,백된장,가공품,
05,대두,189,보리된장,가공품,
05,대두,293,미소된장,가공품,
05,대두,297,저염된장,가공품,
05,대두,1025,저염 된장,가공품,
05,대두,131,두부강된장,가공품,
05,대두,354,된장콩가루,가공품,
05,대두,309,청국장,가공품,
05,대두,813,생청국장,가공품,
05,대두,363,청국장가루,가공품,
05,대두,214,빠금장,가공품,
05,대두,346,고추장,가공품,
05,대두,877,쌈장,가공품,
05,대두,1376,초장,가공품,고추장 베이스
05,대두,1375,초고추장,가공품,고추장 베이스
05,대두,1109,춘장,가공품,
05,대두,1074,짜장,가공품,
05,대두,1371,자장분말,가공품,
05,대두,556,두반장,가공품,
05,대두,1244,해선장,가공품,
05,대두,291,굴소스,가공품,
05,대두,114,데리야키소스,가공품,
05,대두,1344,데리야끼소스,가공품,
05,대두,1367,오리엔탈드레싱,가공품,간장 베이스
05,대두,241,갈비양념,가공품,간장 베이스
05,대두,537,돈까스소스,가공품,
05,대두,698,바베큐소스,가공품,
05,대두,847,스테이크소스,가공품,
05,대두,605,마요네즈,가공품,대두유
05,대두,651,무가당 아보카도 마요네즈,보수적,
05,대두,307,다시다,가공품,
05,대두,1357,소고기다시다,가공품,
05,대두,576,라면스프,가공품,
05,대두,575,라면,가공품,
05,대두,443,굵은 면발 라면,가공품,
05,대두,573,떡볶이파우더,가공품,
05,대두,1122,카레가루,가공품,
05,대두,1134,커리,가공품,
05,대두,1135,커리가루,가공품,
05,대두,1385,하이라이스가루,가공품,
05,대두,680,미숫가루,보수적,콩 포함 제품 다수
05,대두,860,식빵,가공품,
05,대두,646,모닝빵,가공품,
05,대두,730,버거빵,가공품,
05,대두,536,돈가스,가공품,
05,대두,338,햄,가공품,
05,대두,850,스팸,가공품,
05,대두,1348,런천미트,가공품,
05,대두,327,햄통조림,가공품,
05,대두,257,슬라이스햄,가공품,
05,대두,829,소시지,가공품,
05,대두,1390,후랑크소시지,가공품,
05,대두,609,만두,가공품,
05,대두,485,냉동만두,가공품,
05,대두,667,물만두,가공품,
05,대두,1076,찐만두,가공품,
05,대두,541,동그랑땡,가공품,두부
05,대두,572,떡갈비,가공품,
05,대두,683,미트볼,가공품,
05,대두,1343,당면순대,가공품,
05,대두,930,어묵,가공품,
05,대두,931,어묵(1장),가공품,
05,대두,303,찐어묵,가공품,
05,대두,1083,찰어묵,가공품,
05,대두,33,맛살,가공품,
05,대두,321,크래미,가공품,
05,대두,859,식물성 생크림,보수적,
05,대두,1285,화이트 초콜릿,보수적,대두 레시틴
05,대두,507,다크초콜릿,보수적,대두 레시틴
05,대두,765,블랙초콜릿,보수적,대두 레시틴
05,대두,451,그라놀라,보수적,
05,대두,1050,제빵개량제,보수적,
05,대두,1021,장,보수적,장 종류 불명(간장·된장)
06,밀,368,밀가루,직접,
06,밀,16,강력분,직접,
06,밀,175,박력분,직접,
06,밀,176,중력분,직접,
06,밀,527,덧밀가루,직접,
06,밀,989,우리밀가루,직접,
06,밀,1001,유기농 밀가루,직접,
06,밀,1179,통밀가루,직접,
06,밀,1039,전립분,직접,
06,밀,1264,호밀가루,보수적,밀 혼합 제품 다수
06,밀,775,빵가루,직접,
06,밀,1311,빵가루(건식),직접,
06,밀,1315,빵가루(습식),직접,
06,밀,759,부침가루,직접,
06,밀,1186,튀김가루,직접,
06,밀,148,발효종,직접,
06,밀,1196,파트 페레멘테,직접,
06,밀,1253,허브크러스트,가공품,빵가루
06,밀,774,빵,직접,
06,밀,860,식빵,직접,
06,밀,646,모닝빵,직접,
06,밀,730,버거빵,직접,
06,밀,690,바게트,직접,
06,밀,691,바게트빵,직접,
06,밀,702,바케트,직접,
06,밀,703,바케트빵,직접,
06,밀,1111,치아바타,직접,
06,밀,1216,포카치아빵,직접,
06,밀,140,또띠아,직접,
06,밀,858,시판 크루통,직접,
06,밀,1154,크래커,직접,
06,밀,1080,찰깨빵,직접,
06,밀,1263,호떡,직접,
06,밀,1203,팥호빵,직접,
06,밀,1123,카스테라,직접,
06,밀,1124,카스텔라,직접,
06,밀,1125,카스텔라가루,직접,
06,밀,441,국수,직접,
06,밀,4,소면,직접,
06,밀,226,삶은소면,직접,
06,밀,1069,중면,직접,
06,밀,806,생면,직접,
06,밀,313,칼국수,직접,
06,밀,281,우동,직접,
06,밀,233,우동(생면),직접,
06,밀,1339,냉동우동면,직접,
06,밀,575,라면,직접,
06,밀,443,굵은 면발 라면,직접,
06,밀,332,파스타,직접,
06,밀,254,스파게티,직접,
06,밀,225,삶은스파게티,직접,
06,밀,1207,펜네,직접,
06,밀,1220,푸실리,직접,
06,밀,1384,푸실리 파스타,직접,
06,밀,607,마카로니,직접,
06,밀,630,먹물파스타,직접,
06,밀,1208,펜넬파스타,직접,
06,밀,908,알파벳파스타,직접,
06,밀,1164,탈리아텔레,직접,
06,밀,1383,파르팔레파스타,직접,
06,밀,777,뽕잎국수,가공품,밀가루면
06,밀,719,백년초국수,가공품,밀가루면
06,밀,1114,치자국수,가공품,밀가루면
06,밀,1101,청수국수,보수적,면 원료 불명
06,밀,487,냉면,가공품,냉면 면(메밀·밀)
06,밀,163,메밀면,가공품,시판 메밀면 대부분 밀 혼합
06,밀,162,메밀국수,가공품,
06,밀,232,메밀국수(생면),가공품,
06,밀,610,만두피,직접,
06,밀,1108,춘권피,직접,
06,밀,609,만두,가공품,
06,밀,485,냉동만두,가공품,
06,밀,667,물만두,가공품,
06,밀,1076,찐만두,가공품,
06,밀,71,떡볶이떡,보수적,밀떡/쌀떡 불명
06,밀,573,떡볶이파우더,가공품,
06,밀,56,간장,가공품,양조간장 원료(소맥)
06,밀,440,국간장,보수적,시판 국간장 일부 소맥 사용
06,밀,615,맛간장,가공품,
06,밀,1072,진간장,가공품,
06,밀,1364,양조간장,가공품,
06,밀,213,저염간장,가공품,
06,밀,1024,저염 간장,가공품,
06,밀,1026,저염국간장,보수적,
06,밀,1030,저염진간장,가공품,
06,밀,286,유자청간장,가공품,
06,밀,11,어간장,가공품,
06,밀,490,노두유,가공품,
06,밀,103,된장,보수적,시판 된장 밀가루 혼합 다수
06,밀,367,백된장,보수적,
06,밀,293,미소된장,보수적,
06,밀,297,저염된장,보수적,
06,밀,1025,저염 된장,보수적,
06,밀,131,두부강된장,보수적,
06,밀,346,고추장,가공품,시판 고추장 소맥분
06,밀,877,쌈장,가공품,
06,밀,1376,초장,가공품,
06,밀,1375,초고추장,가공품,
06,밀,1109,춘장,가공품,
06,밀,1074,짜장,가공품,
06,밀,1371,자장분말,가공품,
06,밀,556,두반장,가공품,
06,밀,1244,해선장,가공품,
06,밀,291,굴소스,가공품,
06,밀,114,데리야키소스,가공품,
06,밀,1344,데리야끼소스,가공품,
06,밀,1367,오리엔탈드레싱,가공품,
06,밀,241,갈비양념,가공품,
06,밀,537,돈까스소스,가공품,
06,밀,698,바베큐소스,가공품,
06,밀,847,스테이크소스,가공품,
06,밀,528,데미글라스,가공품,루(밀가루)
06,밀,1345,데미글라스소스,가공품,
06,밀,1122,카레가루,가공품,
06,밀,1134,커리,가공품,
06,밀,1135,커리가루,가공품,
06,밀,1385,하이라이스가루,가공품,
06,밀,1156,크림스프,가공품,
06,밀,921,양송이스프,가공품,
06,밀,307,다시다,가공품,
06,밀,1357,소고기다시다,가공품,
06,밀,576,라면스프,가공품,
06,밀,680,미숫가루,보수적,
06,밀,451,그라놀라,보수적,
06,밀,1050,제빵개량제,보수적,
06,밀,624,맥주,보수적,밀 맥주 존재
06,밀,536,돈가스,가공품,
06,밀,799,새우후라이,가공품,
06,밀,1276,홍새우 튀김,가공품,
06,밀,338,햄,가공품,
06,밀,850,스팸,가공품,
06,밀,1348,런천미트,가공품,
06,밀,327,햄통조림,가공품,
06,밀,257,슬라이스햄,가공품,
06,밀,829,소시지,가공품,
06,밀,1390,후랑크소시지,가공품,
06,밀,541,동그랑땡,가공품,
06,밀,572,떡갈비,가공품,
06,밀,683,미트볼,가공품,
06,밀,930,어묵,가공품,
06,밀,931,어묵(1장),가공품,
06,밀,303,찐어묵,가공품,
06,밀,1083,찰어묵,가공품,
06,밀,33,맛살,가공품,
06,밀,321,크래미,가공품,
06,밀,1150,콩고기,가공품,글루텐
06,밀,1021,장,보수적,장 종류 불명(간장·된장)
07,고등어,420,고등어,직접,
07,고등어,483,냉동고등어,직접,
07,고등어,831,손질된 고등어,직접,
08,게,413,게,직접,
08,게,473,꽃게,직접,
08,게,414,게살,직접,
08,게,415,게살냉동,직접,
08,게,33,맛살,가공품,게 추출물
08,게,321,크래미,가공품,게 추출물
08,게,1242,해물육수,보수적,구성 불명
09,새우,57,새우,직접,
09,새우,75,건새우,직접,
09,새우,229,새우살,직접,
09,새우,793,새우 살,직접,
09,새우,481,냉동 새우살,직접,
09,새우,808,생새우,직접,
09,새우,1017,자숙새우,직접,
09,새우,1131,칵테일새우,직접,
09,새우,1130,칵테일 새우,직접,
09,새우,1132,칵텔새우,직접,
09,새우,525,대하,직접,
09,새우,794,새우(대하),직접,
09,새우,723,백새우,직접,
09,새우,743,보리새우,직접,
09,새우,1304,흰다리새우,직접,
09,새우,766,블랙타이거새우,직접,
09,새우,1277,홍새우살,직접,
09,새우,1276,홍새우 튀김,직접,
09,새우,799,새우후라이,직접,
09,새우,789,새뱅이,직접,민물새우
09,새우,795,새우가루,직접,
09,새우,796,새우젓,직접,
09,새우,797,새우젓국,직접,
09,새우,798,새우젓국물,직접,
09,새우,1047,젓갈,보수적,젓갈 종류 불명(새우젓 가능)
09,새우,1242,해물육수,보수적,구성 불명
09,새우,463,김치,보수적,새우젓 양념(동치미·나박김치·물김치 제외)
09,새우,712,배추김치,보수적,새우젓 양념(동치미·나박김치·물김치 제외)
09,새우,715,백김치,보수적,새우젓 양념(동치미·나박김치·물김치 제외)
09,새우,664,묵은지,보수적,새우젓 양념(동치미·나박김치·물김치 제외)
09,새우,462,김장김치,보수적,새우젓 양념(동치미·나박김치·물김치 제외)
09,새우,466,깍두기,보수적,새우젓 양념(동치미·나박김치·물김치 제외)
09,새우,616,맛김치,보수적,새우젓 양념(동치미·나박김치·물김치 제외)
09,새우,1209,포기김치,보수적,새우젓 양념(동치미·나박김치·물김치 제외)
09,새우,1317,포기김치(줄기),보수적,새우젓 양념(동치미·나박김치·물김치 제외)
09,새우,817,석박지,보수적,새우젓 양념(동치미·나박김치·물김치 제외)
09,새우,947,열무김치,보수적,새우젓 양념(동치미·나박김치·물김치 제외)
09,새우,906,알타리김치,보수적,새우젓 양념(동치미·나박김치·물김치 제외)
09,새우,1107,총각김치,보수적,새우젓 양념(동치미·나박김치·물김치 제외)
09,새우,412,겉절이,보수적,새우젓 양념(동치미·나박김치·물김치 제외)
09,새우,1334,김치국물,보수적,새우젓 양념(동치미·나박김치·물김치 제외)
10,돼지고기,118,돼지고기,직접,
10,돼지고기,1323,돼지고기(뒷다리살),직접,
10,돼지고기,549,돼지고기(불고기용),직접,
10,돼지고기,12,돼지고기(다짐육),직접,
10,돼지고기,125,돼지고기(등갈비),직접,
10,돼지고기,550,돼지고기(뼈갈비),직접,
10,돼지고기,123,돼지고기(살코기),직접,
10,돼지고기,113,돼지고기(삼겹살),직접,
10,돼지고기,124,돼지고기(앞다리),직접,
10,돼지고기,119,돼지고기(갈비),직접,
10,돼지고기,1322,돼지고기(동심),직접,
10,돼지고기,126,돼지고기(등뼈),직접,
10,돼지고기,117,돼지고기(등심),직접,
10,돼지고기,121,돼지고기(목살),직접,
10,돼지고기,120,돼지고기(목심),직접,
10,돼지고기,122,돼지고기(사태),직접,
10,돼지고기,551,돼지고기(안심),직접,
10,돼지고기,128,돼지고기(전지),직접,
10,돼지고기,1313,돼지고기(후지),직접,
10,돼지고기,1324,"돼지고기(등심, 돈가스용)",직접,
10,돼지고기,78,"돼지고기(등심, 다짐육)",직접,
10,돼지고기,127,"돼지고기(목살, 다짐육)",직접,
10,돼지고기,552,돼지머리,직접,
10,돼지고기,553,돼지잡뼈,직접,
10,돼지고기,554,돼지족발,직접,
10,돼지고기,555,돼지편육,직접,
10,돼지고기,1062,족발,직접,
10,돼지고기,901,안심,보수적,돼지/소 불명
10,돼지고기,1077,찜갈비,보수적,돼지/소 불명
10,돼지고기,733,베이컨,가공품,
10,돼지고기,1028,저염베이컨,가공품,
10,돼지고기,1340,다진 베이컨,가공품,
10,돼지고기,1029,저염살라미,가공품,
10,돼지고기,338,햄,가공품,
10,돼지고기,850,스팸,가공품,
10,돼지고기,1348,런천미트,가공품,
10,돼지고기,327,햄통조림,가공품,
10,돼지고기,257,슬라이스햄,가공품,
10,돼지고기,829,소시지,가공품,
10,돼지고기,1390,후랑크소시지,가공품,
10,돼지고기,536,돈가스,가공품,
10,돼지고기,609,만두,가공품,
10,돼지고기,485,냉동만두,가공품,
10,돼지고기,667,물만두,가공품,
10,돼지고기,1076,찐만두,가공품,
10,돼지고기,541,동그랑땡,가공품,
10,돼지고기,572,떡갈비,가공품,
10,돼지고기,683,미트볼,가공품,
10,돼지고기,1343,당면순대,가공품,
10,돼지고기,1052,젤라틴,보수적,돈피 유래 제품 다수
10,돼지고기,1200,판젤라틴,보수적,돈피 유래 제품 다수
11,복숭아,747,복숭아,직접,
11,복숭아,1099,천도복숭아,직접,
11,복숭아,1288,황도,직접,
11,복숭아,1295,후르츠칵테일,가공품,복숭아 포함
11,복숭아,1296,후르츠칵테일캔,가공품,복숭아 포함
12,토마토,88,토마토,직접,
12,토마토,709,방울토마토,직접,
12,토마토,1106,체리토마토,직접,
12,토마토,1068,줄기토마토,직접,
12,토마토,1281,홍토마토,직접,
12,토마토,981,완숙 토마토,직접,
12,토마토,1368,완숙찰토마토,직접,
12,토마토,612,말린 방울토마토,직접,
12,토마토,25,드라이토마토,직접,
12,토마토,1175,토마토홀,직접,
12,토마토,1169,토마토 홀,직접,
12,토마토,1275,홀토마토,직접,
12,토마토,328,토마토홀통조림,직접,
12,토마토,315,토마토통조림,직접,
12,토마토,1174,토마토퓨레,직접,
12,토마토,1173,토마토페이스트,직접,
12,토마토,1168,토마토 페이스트,직접,
12,토마토,1172,토마토페스트,직접,
12,토마토,1167,토마토 페스트,직접,
12,토마토,1171,토마토콩카세,직접,
12,토마토,1170,토마토케첩,가공품,
12,토마토,317,케첩,가공품,
12,토마토,849,스파게티소스,가공품,
12,토마토,1382,토마토파스타소스,가공품,
12,토마토,785,살사,가공품,
12,토마토,1354,베이크드빈스,가공품,토마토소스
12,토마토,698,바베큐소스,가공품,
12,토마토,537,돈까스소스,가공품,
12,토마토,847,스테이크소스,가공품,
12,토마토,528,데미글라스,가공품,
12,토마토,1345,데미글라스소스,가공품,
12,토마토,1385,하이라이스가루,가공품,
13,아황산류,976,와인,가공품,보존료(아황산)
13,아황산류,584,레드와인,가공품,
13,아황산류,341,화이트와인,가공품,
13,아황산류,1284,화이트 와인,가공품,
13,아황산류,1214,포도주,가공품,
13,아황산류,1037,적포도주,가공품,
13,아황산류,585,레드와인식초,가공품,
13,아황산류,180,발사믹식초,가공품,
13,아황산류,181,발사믹크림,가공품,
13,아황산류,705,발사믹소스,가공품,
13,아황산류,405,건포도,가공품,건조과일 표백·보존
13,아황산류,400,건무화과,가공품,
13,아황산류,402,건조체리,가공품,
13,아황산류,404,건크랜베리,가공품,
13,아황산류,401,건블루베리,가공품,
13,아황산류,613,말린 자두,가공품,
13,아황산류,1219,푸룬,가공품,
13,아황산류,433,곶감,가공품,유황 훈증
13,아황산류,382,감말랭이,보수적,
13,아황산류,25,드라이토마토,보수적,
13,아황산류,612,말린 방울토마토,보수적,
13,아황산류,1378,카라멜색소,보수적,아황산 공정 카라멜 존재
14,호두,62,호두,직접,
14,호두,1262,호두깐것,직접,
14,호두,750,볶은 호두,직접,
14,호두,76,견과류,보수적,구성 불명 혼합 견과
14,호두,1272,혼합견과,보수적,
14,호두,1273,혼합견과류,보수적,
14,호두,451,그라놀라,보수적,
15,닭고기,100,닭고기,직접,
15,닭고기,101,닭고기(가슴),직접,
15,닭고기,105,닭고기(날개),직접,
15,닭고기,106,닭고기(날개봉),직접,
15,닭고기,107,닭고기(다리),직접,
15,닭고기,104,닭고기(안심),직접,
15,닭고기,1342,닭고기(정육),직접,
15,닭고기,1341,닭고기(무뼈정육),직접,
15,닭고기,221,삶은닭고기(가슴),직접,
15,닭고기,343,훈제닭고기(가슴),직접,
15,닭고기,287,닭뼈,직접,
15,닭고기,102,닭육수,직접,
15,닭고기,1118,치킨스톡,가공품,
15,닭고기,1119,치킨육수,직접,
16,쇠고기,242,소고기,직접,
16,쇠고기,824,소고기(샤브샤브용),직접,
16,쇠고기,822,소고기(불고기용),직접,
16,쇠고기,1320,소고기(앞다리살),직접,
16,쇠고기,304,소고기(차돌박이),직접,
16,쇠고기,825,소고기(홍두깨살),직접,
16,쇠고기,1319,소고기(갈비살),직접,
16,쇠고기,821,소고기(갈빗살),직접,
16,쇠고기,244,소고기(구이용),직접,
16,쇠고기,13,소고기(다짐육),직접,
16,쇠고기,193,소고기(부채살),직접,
16,쇠고기,823,소고기(살치살),직접,
16,쇠고기,247,소고기(살코기),직접,
16,쇠고기,239,소고기(우둔살),직접,
16,쇠고기,237,소고기(채끝살),직접,
16,쇠고기,1321,소고기(우둔 다짐육),직접,
16,쇠고기,243,소고기(갈비),직접,
16,쇠고기,245,소고기(꼬리),직접,
16,쇠고기,240,소고기(등심),직접,
16,쇠고기,282,소고기(목심),직접,
16,쇠고기,246,소고기(사태),직접,
16,쇠고기,283,소고기(삼겹),직접,
16,쇠고기,248,소고기(안심),직접,
16,쇠고기,238,소고기(양지),직접,
16,쇠고기,1318,소고기(우둔),직접,
16,쇠고기,81,"소고기(등심, 다짐육)",직접,
16,쇠고기,828,소불고기,직접,
16,쇠고기,1392,LA갈비,직접,
16,쇠고기,1358,소뼈,직접,
16,쇠고기,290,사골육수,직접,
16,쇠고기,249,소고기육수,직접,
16,쇠고기,901,안심,보수적,돼지/소 불명
16,쇠고기,1077,찜갈비,보수적,돼지/소 불명
16,쇠고기,307,다시다,가공품,쇠고기 다시다
16,쇠고기,1357,소고기다시다,가공품,
16,쇠고기,576,라면스프,가공품,
16,쇠고기,528,데미글라스,가공품,
16,쇠고기,1345,데미글라스소스,가공품,
16,쇠고기,1385,하이라이스가루,가공품,
16,쇠고기,572,떡갈비,가공품,
16,쇠고기,683,미트볼,가공품,
16,쇠고기,1052,젤라틴,보수적,우피 유래 제품 존재
16,쇠고기,1200,판젤라틴,보수적,우피 유래 제품 존재
17,오징어,15,오징어,직접,
17,오징어,963,오징어 몸통,직접,
17,오징어,112,오징어채,직접,
17,오징어,628,먹물,직접,오징어 먹물
17,오징어,629,먹물 가루,직접,
17,오징어,630,먹물파스타,가공품,
17,오징어,1242,해물육수,보수적,구성 불명
18,조개류,442,굴,직접,
18,조개류,291,굴소스,가공품,
18,조개류,1040,전복,직접,
18,조개류,1041,전복살,직접,
18,조개류,1008,익힌 전복내장,직접,
18,조개류,1282,홍합,직접,
18,조개류,1283,홍합살,직접,
18,조개류,1054,조개,직접,
18,조개류,1055,조개살,직접,
18,조개류,1056,조갯살,직접,
18,조개류,289,바지락,직접,
18,조개류,700,바지락살,직접,
18,조개류,699,바지락(모시조개),직접,
18,조개류,648,모시조개,직접,
18,조개류,729,백합,직접,
18,조개류,300,꼬막,직접,
18,조개류,470,꼬막살,직접,
18,조개류,1373,재첩,직접,
18,조개류,1023,재치조개,직접,
18,조개류,436,관자,직접,
18,조개류,437,관자조개살,직접,
18,조개류,1160,키조개관자,직접,
18,조개류,1204,패주,직접,
18,조개류,800,새조개살,직접,
18,조개류,826,소라,보수적,고둥류(패류)
18,조개류,827,소라살,보수적,고둥류(패류)
18,조개류,431,골뱅이,보수적,고둥류(패류)
18,조개류,47,골뱅이통조림,보수적,고둥류(패류)
18,조개류,987,우렁,보수적,고둥류(패류)
18,조개류,988,우렁이,보수적,고둥류(패류)
18,조개류,497,논우렁,보수적,고둥류(패류)
18,조개류,500,다슬기,보수적,고둥류(패류)
18,조개류,501,다슬기살,보수적,고둥류(패류)
18,조개류,1242,해물육수,보수적,구성 불명
19,잣,85,잣,직접,
19,잣,1020,잣가루,직접,
19,잣,178,바질페스토,가공품,잣
19,잣,76,견과류,보수적,구성 불명 혼합 견과
19,잣,1272,혼합견과,보수적,
19,잣,1273,혼합견과류,보수적,
