ingredient_id,ingredient_name,energy_kcal,sugar_g,phosphorus_mg,potassium_mg,basis,source_name,food_cd,review,spec,note
1,미니파프리카,26.0,2.65,27.0,234.0,원재료,파프리카(착색단고추)_빨간색_생것,R106-194008101-0000,검수,A:파프리카(빨간색),파프리카(빨간색) 와 같게
2,파프리카,26.0,2.65,27.0,234.0,원재료,파프리카(착색단고추)_빨간색_생것,R106-194008101-0000,검수,R:파프리카(착색단고추)_빨간색_생것,
4,소면,360.0,5.0,,,가공품중앙값,소면 가공식품 5개 중앙값,,자동,P:소면,
7,마늘,128.0,0.23,156.0,531.0,원재료,마늘_구근_생것,R106-053002201-0000,자동,R:마늘_구근_생것,
8,양파,29.0,4.71,27.0,148.0,원재료,양파_생것,R106-132000001-0000,자동,R:양파_생것,
10,홍고추,29.0,1.8,38.0,270.0,원재료,고추_풋고추_생것,R106-018003101-0000,검수,R:고추_풋고추_생것,
11,어간장,48.0,2.0,145.0,480.0,가공품중앙값,가공식품 21개 중앙값((양조|진|국|조선|재래|한식|왜|맛)?간장),,검수,A:간장,간장 와 같게
12,돼지고기(다짐육),159.0,0.0,179.0,326.0,원재료,돼지고기_앞다리_생것,R209-014008801-0000,검수,R:돼지고기_앞다리_생것,
13,소고기(다짐육),253.0,0.0,163.0,265.0,원재료,소고기_한우_양지_생것,R209-027031801-0000,검수,R:소고기_한우_양지_생것,
14,감자전분,334.0,0.05,57.0,44.0,원재료,전분_감자_분말화한것,R102-014010006-0000,검수,R:전분_감자_분말화한것,
15,오징어,94.5,0.0,271.5,351.0,원재료,"오징어류,오징어,육,생것",R211-667114001-0000,자동,"R:오징어류,오징어,육,생것",
16,강력분,334.0,0.0,104.0,95.0,원재료,밀_강력밀가루_분말화한것,R101-016010006-0000,검수,R:밀_강력밀가루_분말화한것,
18,들깨가루,530.0,1.48,726.0,599.0,원재료,들깨_볶은것,R105-005000058-0000,검수,R:들깨_볶은것,
20,건표고버섯,183.0,3.3,874.0,2243.0,원재료,표고버섯_갓_말린것,R107-027003902-0000,검수,R:표고버섯_갓_말린것,
21,두부,97.0,0.0,158.0,132.0,원재료,두부,P106-000000100-0001,자동,R:두부,
22,멸치,127.0,0.3,202.0,531.0,원재료,"멸치,육,생것",R211-105034001-1204,자동,"R:멸치,육,생것","빈 값 보충(같은 품목 중앙값): 당류,칼륨"
26,청양고추,31.0,0.34,37.0,290.0,원재료,고추_청양고추_생것,R106-018080001-0000,자동,R:고추_청양고추_생것,
27,물,0.0,0.0,0.0,0.0,영양없음,물·얼음 등,,검수,0,
29,검은깨,549.0,0.0,746.0,530.0,원재료,참깨_검정깨_말린것,R105-026010002-0000,검수,R:참깨_검정깨_말린것,
30,두유(검은콩),73.0,7.33,41.5,145.5,가공품중앙값,두유 가공식품 11개 중앙값,,자동,P:두유,
31,두부(검은콩),97.0,0.0,158.0,132.0,원재료,두부,P106-000000100-0001,자동,R:두부,
32,흑미,357.0,0.94,309.0,284.0,원재료,멥쌀_흑미_생것,R101-008000701-0000,검수,R:멥쌀_흑미_생것,
33,맛살,119.0,3.48,72.0,41.0,원재료,"게맛살, 어육함량이 낮은것",P120-000010400-0005,검수,"R:게맛살, 어육함량이 낮은것",
35,설탕,386.0,99.7,0.0,1.0,원재료,설탕_백설탕,R103-011020000-0000,검수,R:설탕_백설탕,
37,달걀,136.0,0.11,173.0,127.0,원재료,달걀_생것,R210-003000001-0000,자동,R:달걀_생것,
38,달걀(노른자),358.0,0.23,647.0,90.0,음식,달걀_삶은것_노른자,D327-758011000-0001,검수,F:달걀_삶은것_노른자,
39,고구마,147.0,9.83,52.0,375.0,원재료,고구마_생것,R102-006000001-0000,자동,R:고구마_생것,
40,대파,23.0,2.63,30.0,181.0,원재료,파_대파_생것,R106-191040001-0000,자동,R:파_대파_생것,
42,고춧가루(고운),344.0,11.81,,,가공품중앙값,고춧가루 가공식품 3개 중앙값,,자동,P:고춧가루,
43,소금,20.0,0.0,0.0,437.0,원재료,소금_천일염,R318-020030000-0000,자동,R:소금_천일염,
44,고춧가루,319.0,17.45,342.0,2541.0,원재료,고춧가루_분말화한것,R118-007000006-0000,검수,R:고춧가루_분말화한것,
45,고추냉이,27.0,1.06,37.0,253.0,원재료,고추냉이_잎줄기_생것,R106-021002801-0000,자동,R:고추냉이_잎줄기_생것,
46,고추기름,850.0,0.0,0.0,0.0,가공품중앙값,고추기름 가공식품 5개 중앙값,,자동,P:고추기름,
48,쪽파,26.0,3.32,34.0,303.0,원재료,파_쪽파_생것,R106-191030001-0000,자동,R:파_쪽파_생것,
50,땅콩,520.0,4.4,425.0,746.0,원재료,땅콩_말린것,R105-007000002-0000,검수,R:땅콩_말린것,
51,새송이버섯,20.0,0.33,92.0,299.0,원재료,큰느타리버섯(새송이버섯)_생것,R107-023000001-0000,검수,R:큰느타리버섯(새송이버섯)_생것,
52,사과,52.0,10.62,10.0,116.0,원재료,사과_생것,R108-050000001-0000,자동,R:사과_생것,
53,고춧가루(굵은),344.0,11.81,,,가공품중앙값,고춧가루 가공식품 3개 중앙값,,자동,P:고춧가루,
56,간장,48.0,2.0,145.0,480.0,가공품중앙값,가공식품 21개 중앙값((양조|진|국|조선|재래|한식|왜|맛)?간장),,검수,Q:(양조|진|국|조선|재래|한식|왜|맛)?간장,
57,새우,101.5,0.9,120.5,330.0,원재료,"새우류,흰다리새우,육,생것",R211-717414001-0000,검수,"R:새우류,흰다리새우,육,생것",빈 값 보충(같은 품목 중앙값): 당류
58,밤,153.0,6.3,69.0,442.0,원재료,밤_생것,R105-014000001-0000,자동,R:밤_생것,
59,생강,42.0,0.45,33.0,337.0,원재료,생강_뿌리줄기_생것,R106-101002501-0000,자동,R:생강_뿌리줄기_생것,
60,연근,75.0,1.81,75.0,478.0,원재료,연근_생것,R106-141000001-0000,자동,R:연근_생것,
61,은행,203.0,2.95,161.0,684.0,원재료,은행_생것,R105-022000001-0000,자동,R:은행_생것,
62,호두,688.0,0.0,355.0,353.0,원재료,호두_말린것,R105-035000002-0000,검수,R:호두_말린것,
68,파프리카(노란색),24.0,2.79,26.0,209.0,원재료,파프리카(착색단고추)_노란색_생것,R106-194008001-0000,검수,R:파프리카(착색단고추)_노란색_생것,
69,전분,334.0,0.05,57.0,44.0,원재료,전분_감자_분말화한것,R102-014010006-0000,검수,R:전분_감자_분말화한것,
70,전분물,334.0,0.05,57.0,44.0,원재료,전분_감자_분말화한것,R102-014010006-0000,검수,A:전분,전분 와 같게
71,떡볶이떡,218.0,0.02,46.5,59.0,가공품중앙값,떡볶이떡 가공식품 18개 중앙값,,자동,P:떡볶이떡,
72,느타리버섯,15.0,0.74,100.0,256.0,원재료,느타리버섯_생것,R107-004000001-0000,자동,R:느타리버섯_생것,
73,다시마,12.0,,23.0,1242.0,원재료,"다시마류,다시마,줄기,생것",R112-819015101-0000,자동,"R:다시마류,다시마,줄기,생것",
75,건새우,307.0,0.9,1156.0,680.0,원재료,"새우류,꽃새우,육,삶아서 말린것",R211-717074004-0000,검수,"R:새우류,꽃새우,육,삶아서 말린것",빈 값 보충(같은 품목 중앙값): 당류
76,견과류,581.0,6.82,523.0,780.0,원재료,아몬드_말린것,R105-020000002-0000,검수,A:아몬드,아몬드 와 같게
77,당근,31.0,6.23,42.0,299.0,원재료,당근_뿌리_생것,R106-041007601-0000,자동,R:당근_뿌리_생것,
78,"돼지고기(등심, 다짐육)",236.0,0.0,185.0,287.0,원재료,돼지고기_갈비_생것,R209-014008101-0000,자동,R:돼지고기_갈비_생것,
80,레몬청,245.0,51.6,,,가공품중앙값,레몬청 가공식품 14개 중앙값,,자동,P:레몬청,
81,"소고기(등심, 다짐육)",253.0,0.0,163.0,265.0,원재료,소고기_한우_양지_생것,R209-027031801-0000,자동,R:소고기_한우_양지_생것,
82,실파,26.0,3.32,34.0,303.0,원재료,파_쪽파_생것,R106-191030001-0000,검수,R:파_쪽파_생것,
83,애호박,22.0,2.43,38.0,224.0,원재료,호박_애호박_생것,R106-198050001-0000,자동,R:호박_애호박_생것,
84,오이피클,61.5,13.15,5.0,36.0,가공품중앙값,오이피클 가공식품 8개 중앙값,,자동,P:오이피클,
85,잣,658.0,2.02,525.0,521.0,원재료,잣_생것,R105-023000001-0000,자동,R:잣_생것,
86,청고추,29.0,1.8,38.0,270.0,원재료,고추_풋고추_생것,R106-018003101-0000,검수,R:고추_풋고추_생것,
87,청피망,22.0,1.35,25.0,187.0,원재료,피망_초록색_생것,R106-196008301-0000,검수,R:피망_초록색_생것,
88,토마토,19.0,2.37,29.0,250.0,원재료,토마토_생것,R106-186000001-0000,자동,R:토마토_생것,
89,파슬리,20.0,0.44,56.0,638.0,원재료,파슬리_생것,R106-193000001-0000,자동,R:파슬리_생것,
90,풋고추,29.0,1.8,38.0,270.0,원재료,고추_풋고추_생것,R106-018003101-0000,자동,R:고추_풋고추_생것,
91,홍피망,28.0,3.02,28.0,257.0,원재료,피망_빨간색_생것,R106-196008101-0000,검수,R:피망_빨간색_생것,
92,다진마늘,99.0,2.11,120.0,410.0,원재료,마늘_구근_다진것,R106-053002200-0000,검수,R:마늘_구근_다진것,
94,두부(단단한),97.0,0.0,158.0,132.0,원재료,두부,P106-000000100-0001,검수,R:두부,
95,삶은달걀,145.0,0.13,193.0,115.0,원재료,달걀_삶은것,R210-003000046-0000,검수,R:달걀_삶은것,
96,달걀(노른자)지단,136.0,0.11,173.0,127.0,원재료,달걀_생것,R210-003000001-0000,자동,R:달걀_생것,
97,달걀(흰자)지단,136.0,0.11,173.0,127.0,원재료,달걀_생것,R210-003000001-0000,자동,R:달걀_생것,
98,달걀(흰자),48.0,0.32,12.0,145.0,음식,달걀_삶은것_흰자,D327-758015600-0001,검수,F:달걀_삶은것_흰자,
99,달래,56.0,2.83,45.0,316.0,원재료,달래_생것,R106-039000001-0000,자동,R:달래_생것,
100,닭고기,115.0,0.0,110.0,327.0,원재료,닭고기_살코기_생것,R209-008008601-0000,검수,R:닭고기_살코기_생것,빈 값 보충(같은 품목 중앙값): 당류
101,닭고기(가슴),106.0,0.0,251.0,371.0,원재료,닭고기_가슴(껍질 제거)_생것,R209-008000501-0000,자동,R:닭고기_가슴(껍질 제거)_생것,
102,닭육수,12.0,,23.0,71.0,원재료,닭 육수,R209-011000000-0000,검수,R:닭 육수,
103,된장,142.0,0.41,208.0,473.0,원재료,된장_재래,R118-012040000-0000,검수,R:된장_재래,
104,닭고기(안심),342.0,0.0,112.0,147.0,원재료,닭고기_목_생것,R209-008001101-0000,자동,R:닭고기_목_생것,
105,닭고기(날개),178.0,0.0,155.0,195.0,원재료,닭고기_날개_생것,R209-008000601-0000,자동,R:닭고기_날개_생것,
106,닭고기(날개봉),178.0,0.0,155.0,195.0,원재료,닭고기_날개_생것,R209-008000601-0000,검수,R:닭고기_날개_생것,
107,닭고기(다리),190.0,0.0,176.0,251.0,원재료,닭고기_넓적다리_생것,R209-008000701-0000,자동,R:닭고기_넓적다리_생것,
109,콩(대두),201.0,2.43,305.0,692.0,원재료,콩(대두)_노란콩_삶은것,R104-012020046-0000,자동,R:콩(대두)_노란콩_삶은것,
110,콩기름,921.0,0.0,0.0,0.0,원재료,콩기름,R114-022000000-0000,자동,R:콩기름,
112,오징어채,303.0,19.3,,,가공품중앙값,오징어채 가공식품 4개 중앙값,,자동,P:오징어채,
113,돼지고기(삼겹살),372.0,0.0,147.0,239.0,원재료,돼지고기_삼겹살_생것,R209-014006601-0000,자동,R:돼지고기_삼겹살_생것,
117,돼지고기(등심),142.0,0.0,222.0,370.0,원재료,돼지고기_등심_생것,R209-014008301-0000,자동,R:돼지고기_등심_생것,
118,돼지고기,159.0,0.0,179.0,326.0,원재료,돼지고기_앞다리_생것,R209-014008801-0000,검수,R:돼지고기_앞다리_생것,
119,돼지고기(갈비),236.0,0.0,185.0,287.0,원재료,돼지고기_갈비_생것,R209-014008101-0000,자동,R:돼지고기_갈비_생것,
120,돼지고기(목심),227.0,0.0,183.0,301.0,원재료,돼지고기_목심(목심살)_생것,R209-014008401-0000,자동,R:돼지고기_목심(목심살)_생것,
121,돼지고기(목살),227.0,0.0,183.0,301.0,원재료,돼지고기_목심(목심살)_생것,R209-014008401-0000,검수,R:돼지고기_목심(목심살)_생것,
122,돼지고기(사태),156.0,0.0,178.0,289.0,원재료,돼지고기_사태_생것,R209-014008501-0000,자동,R:돼지고기_사태_생것,
123,돼지고기(살코기),203.0,0.0,186.0,318.0,원재료,돼지고기_살코기_생것,R209-014008601-0000,자동,R:돼지고기_살코기_생것,
124,돼지고기(앞다리),159.0,0.0,179.0,326.0,원재료,돼지고기_앞다리_생것,R209-014008801-0000,자동,R:돼지고기_앞다리_생것,
125,돼지고기(등갈비),237.0,0.0,179.0,297.0,원재료,돼지고기_삼겹살(등갈비)_생것,R209-014003201-0000,자동,R:돼지고기_삼겹살(등갈비)_생것,
127,"돼지고기(목살, 다짐육)",236.0,0.0,185.0,287.0,원재료,돼지고기_갈비_생것,R209-014008101-0000,자동,R:돼지고기_갈비_생것,
129,돼지호박,23.0,2.34,50.0,282.0,원재료,호박_쥬키니_생것,R106-198060001-0000,검수,A:주키니호박,주키니호박 와 같게
130,두릅,25.0,0.81,67.0,456.0,원재료,두릅_땅두릅_생것,R106-047010001-0000,자동,R:두릅_땅두릅_생것,
132,두유,73.0,7.33,41.5,145.5,가공품중앙값,두유 가공식품 11개 중앙값,,자동,P:두유,
133,콩나물,43.0,0.47,79.0,218.0,원재료,콩나물_생것,R106-182000001-0000,자동,R:콩나물_생것,
135,깻잎,47.0,0.0,83.0,421.0,원재료,들깨_잎_생것,R106-207007801-0000,검수,R:들깨_잎_생것,
137,딸기잼,235.0,52.0,16.0,113.0,가공품중앙값,딸기잼 가공식품 41개 중앙값,,자동,P:딸기잼,
138,땅콩버터,620.0,7.05,357.0,558.0,가공품중앙값,땅콩버터 가공식품 11개 중앙값,,자동,P:땅콩버터,
139,떡국떡,228.5,0.0,57.0,89.0,가공품중앙값,떡국떡 가공식품 20개 중앙값,,자동,P:떡국떡,
140,또띠아,303.0,2.29,75.0,95.0,원재료,"빵, 또띠아, 밀",D302-083000000-0000,자동,"R:빵, 또띠아, 밀",
141,라이스페이퍼,338.0,1.0,,,가공품중앙값,라이스페이퍼 가공식품 45개 중앙값,,검수,P:라이스페이퍼,
143,레몬주스,30.0,2.02,9.0,109.0,가공품중앙값,레몬주스 가공식품 13개 중앙값,,자동,P:레몬주스,
150,마늘기름,921.0,0.0,0.0,0.0,원재료,콩기름,R114-022000000-0000,검수,R:콩기름,
151,마늘종,53.0,5.46,48.0,214.0,원재료,마늘종_꽃줄기_생것,R106-055002401-0000,자동,R:마늘종_꽃줄기_생것,
154,만가닥버섯,19.0,0.37,83.0,348.0,원재료,만가닥버섯_생것,R107-007000001-0000,자동,R:만가닥버섯_생것,
156,매실액,250.0,55.9,7.0,104.0,가공품중앙값,매실청 가공식품 15개 중앙값,,검수,P:매실청,
157,고춧가루(매운),344.0,11.81,,,가공품중앙값,고춧가루 가공식품 3개 중앙값,,자동,P:고춧가루,
158,머스터드,69.0,0.73,123.0,156.0,원재료,머스타드 소스,P113-000020400-0031,검수,R:머스타드 소스,
163,메밀면,63.0,0.0,27.0,75.0,음식,메밀국수_온면,D103-152380000-0001,검수,F:메밀국수_온면,
164,쌀,366.0,0.5,101.0,88.0,원재료,멥쌀_백미_생것,R101-008000301-0000,검수,R:멥쌀_백미_생것,
165,멸치육수,1.0,0.0,11.0,29.0,원재료,멸치 육수,P113-000050100-0001,검수,R:멸치 육수,
166,멸치다시마육수,1.0,0.0,11.0,29.0,원재료,멸치 육수,P113-000050100-0001,검수,R:멸치 육수,
167,모차렐라치즈,295.5,0.68,273.0,50.0,가공품중앙값,모짜렐라치즈 가공식품 28개 중앙값,,검수,P:모짜렐라치즈,
169,무,21.0,2.96,33.0,279.0,원재료,무_조선무_뿌리_생것,R106-065027601-0000,자동,R:무_조선무_뿌리_생것,
172,미역,13.0,1.9,54.0,556.5,원재료,"미역류,미역,줄기,생것",R112-829015101-0000,자동,"R:미역류,미역,줄기,생것",
176,중력분,375.0,0.0,86.0,115.0,원재료,밀_중력밀가루_분말화한것,R101-016080006-0000,검수,A:밀가루,밀가루 와 같게
177,바질,32.0,0.8,69.0,340.0,원재료,바질_잎_생것,R106-080007801-0000,자동,R:바질_잎_생것,
178,바질페스토,470.5,2.0,,,가공품중앙값,바질페스토 가공식품 12개 중앙값,,자동,P:바질페스토,
180,발사믹식초,165.0,33.67,45.0,206.0,원재료,"식초, 발사믹",P113-000010100-0001,검수,"R:식초, 발사믹",
181,발사믹크림,221.0,47.0,,,가공품중앙값,발사믹크림 가공식품 3개 중앙값,,자동,P:발사믹크림,
183,참기름,920.0,0.0,0.0,0.0,원재료,참기름,R114-020000000-0000,자동,R:참기름,
184,배,45.0,8.3,13.0,124.0,원재료,배_생것,R108-038000001-0000,자동,R:배_생것,
186,콩(백태),174.0,1.65,281.0,730.0,원재료,강낭콩_생것,R104-001000001-0000,자동,R:강낭콩_생것,
189,보리된장,153.0,5.74,,,가공품중앙값,보리된장 가공식품 3개 중앙값,,자동,P:보리된장,
190,복분자,88.0,8.06,46.0,311.0,원재료,복분자_생것,R108-042000001-0000,자동,R:복분자_생것,
191,통깨,556.0,0.0,584.0,679.0,원재료,참깨_흰깨_말린것,R105-026020002-0000,검수,R:참깨_흰깨_말린것,
192,참깨,556.0,0.0,584.0,679.0,원재료,참깨_흰깨_말린것,R105-026020002-0000,검수,R:참깨_흰깨_말린것,
193,소고기(부채살),219.0,0.0,163.0,274.0,원재료,소고기_한우(2등급)_앞다리(부채살)_생것,R209-027089201-0000,자동,R:소고기_한우(2등급)_앞다리(부채살)_생것,
194,두부(부침용),97.0,0.0,158.0,132.0,원재료,두부,P106-000000100-0001,자동,R:두부,
202,불린쌀,366.0,0.5,101.0,88.0,원재료,멥쌀_백미_생것,R101-008000301-0000,검수,R:멥쌀_백미_생것,
206,불린현미,357.0,1.18,295.0,248.0,원재료,멥쌀_현미_생것,R101-008000501-0000,검수,R:멥쌀_현미_생것,
207,밥,146.0,0.01,25.0,20.0,원재료,멥쌀밥_백미,R101-013000300-0000,검수,R:멥쌀밥_백미,
208,파프리카(빨간색),26.0,2.65,27.0,234.0,원재료,파프리카(착색단고추)_빨간색_생것,R106-194008101-0000,검수,R:파프리카(착색단고추)_빨간색_생것,
209,적양배추,35.0,4.14,43.0,344.0,원재료,양배추_적양배추_생것,R106-129010001-0000,자동,R:양배추_적양배추_생것,
210,팥,285.0,26.47,96.0,90.0,원재료,"빵, 도넛, 팥",D302-082000000-0000,자동,"R:빵, 도넛, 팥",
211,브로콜리,32.0,0.79,68.0,365.0,원재료,브로콜리_생것,R106-092000001-0000,자동,R:브로콜리_생것,
212,블루베리잼,243.5,51.0,4.0,23.0,가공품중앙값,블루베리잼 가공식품 20개 중앙값,,자동,P:블루베리잼,
213,저염간장,48.0,2.0,145.0,480.0,가공품중앙값,가공식품 21개 중앙값((양조|진|국|조선|재래|한식|왜|맛)?간장),,검수,A:간장,간장 와 같게
215,버터,749.0,0.66,19.0,29.0,가공품중앙값,버터 가공식품 3개 중앙값,,검수,P:버터,
216,식초,19.0,2.21,3.0,8.0,원재료,"식초, 사과식초",P113-000010100-0003,검수,"R:식초, 사과식초",
217,사과주스,45.0,10.3,9.0,106.0,가공품중앙값,사과주스 가공식품 15개 중앙값,,자동,P:사과주스,
218,삶은감자,80.0,0.0,36.0,402.0,원재료,감자_대지_찐것,R102-001060049-0000,검수,R:감자_대지_찐것,
229,새우살,101.5,0.9,120.5,330.0,원재료,"새우류,흰다리새우,육,생것",R211-717414001-0000,검수,A:새우,새우 와 같게 · 빈 값 보충(같은 품목 중앙값): 당류
230,샐러리,17.0,0.0,36.0,343.0,원재료,셀러리_생것,R106-107000001-0000,검수,R:셀러리_생것,
231,표고버섯,26.0,0.4,132.0,356.0,원재료,표고버섯_갓_생것,R107-027003901-0000,자동,R:표고버섯_갓_생것,
234,치즈,356.0,2.22,546.0,121.0,원재료,"치즈, 고다",P119-000090100-0000,검수,"R:치즈, 고다",
235,석류즙,77.0,9.94,39.0,242.0,원재료,석류_생것,R108-059000001-0000,검수,A:석류,석류 와 같게
236,셀러리,17.0,0.0,36.0,343.0,원재료,셀러리_생것,R106-107000001-0000,자동,R:셀러리_생것,
237,소고기(채끝살),245.0,0.0,149.0,269.0,원재료,소고기_한우(2등급)_채끝(채끝살)_생것,R209-027089101-0000,자동,R:소고기_한우(2등급)_채끝(채끝살)_생것,
238,소고기(양지),253.0,0.0,163.0,265.0,원재료,소고기_한우_양지_생것,R209-027031801-0000,자동,R:소고기_한우_양지_생것,
239,소고기(우둔살),166.0,0.0,198.0,327.0,원재료,소고기_한우(1등급)_우둔(우둔살)_생것,R209-027061601-0000,자동,R:소고기_한우(1등급)_우둔(우둔살)_생것,
240,소고기(등심),313.0,0.0,147.0,241.0,원재료,소고기_한우_등심_생것,R209-027038301-0000,자동,R:소고기_한우_등심_생것,
242,소고기,253.0,0.0,163.0,265.0,원재료,소고기_한우_양지_생것,R209-027031801-0000,검수,R:소고기_한우_양지_생것,
243,소고기(갈비),306.0,0.0,148.0,254.0,원재료,소고기_한우(2등급)_갈비_생것,R209-027088101-0000,자동,R:소고기_한우(2등급)_갈비_생것,
244,소고기(구이용),313.0,0.0,147.0,241.0,원재료,소고기_한우_등심_생것,R209-027038301-0000,검수,R:소고기_한우_등심_생것,
246,소고기(사태),155.0,0.0,166.0,292.0,원재료,소고기_한우(2등급)_사태_생것,R209-027088501-0000,자동,R:소고기_한우(2등급)_사태_생것,
247,소고기(살코기),214.0,0.0,163.0,287.0,원재료,소고기_한우(2등급)_살코기_생것,R209-027088601-0000,자동,R:소고기_한우(2등급)_살코기_생것,
248,소고기(안심),207.0,0.0,179.0,316.0,원재료,소고기_한우(2등급)_안심(안심살)_생것,R209-027088701-0000,자동,R:소고기_한우(2등급)_안심(안심살)_생것,
251,숙주나물,13.0,0.0,27.0,84.0,원재료,숙주나물_생것,R106-112000001-0000,자동,R:숙주나물_생것,
254,스파게티,351.0,3.1,,211.0,가공품중앙값,스파게티 가공식품 67개 중앙값,,자동,P:스파게티,
257,슬라이스햄,203.0,1.54,182.0,274.0,원재료,"햄, 슬라이스햄, 데친것",P117-000010100-0006,자동,"R:햄, 슬라이스햄, 데친것",
259,시래기,27.0,0.04,15.0,124.0,원재료,무시래기_잎_말린것을 삶은것,R106-068007883-0000,검수,R:무시래기_잎_말린것을 삶은것,
260,식용유,921.0,0.0,0.0,0.0,원재료,콩기름,R114-022000000-0000,검수,R:콩기름,
261,쌀국수(가는것),350.0,0.0,,,가공품중앙값,쌀국수 가공식품 41개 중앙값,,자동,P:쌀국수,
262,아보카도오일,830.0,0.0,,,가공품중앙값,아보카도오일 가공식품 15개 중앙값,,자동,P:아보카도오일,
263,알룰로스,25.0,2.0,,,가공품중앙값,알룰로스 가공식품 5개 중앙값,,자동,P:알룰로스,
265,양송이버섯,15.0,0.1,106.0,382.0,원재료,양송이버섯_생것,R107-018000001-0000,자동,R:양송이버섯_생것,
266,양송이버섯(기둥),15.0,0.1,106.0,382.0,원재료,양송이버섯_생것,R107-018000001-0000,자동,R:양송이버섯_생것,
268,훈제연어,212.0,0.07,268.0,395.0,원재료,"연어류,연어,육,훈제",R211-201094016-0000,검수,"R:연어류,연어,육,훈제",
269,부추,30.0,2.86,42.0,396.0,원재료,부추_호부추_생것,R106-091050001-0000,자동,R:부추_호부추_생것,
272,오렌지,47.0,9.16,23.0,152.0,원재료,오렌지_생것,R108-069000001-0000,자동,R:오렌지_생것,
273,오렌지주스,32.0,5.39,16.0,171.0,원재료,오렌지 착즙,R108-069000000-0000,검수,R:오렌지 착즙,
274,오리고기(가슴),117.0,0.0,212.0,305.0,원재료,오리고기_살코기_생것,R209-040008601-0000,자동,R:오리고기_살코기_생것,
275,훈제오리고기(가슴),308.0,0.0,311.0,418.0,원재료,오리고기_껍질 포함_구운것(팬),R209-040007351-0000,검수,A:훈제오리고기,훈제오리고기 와 같게
276,올리브유,921.0,0.0,0.0,0.0,원재료,올리브유,R114-017000000-0000,자동,R:올리브유,
278,올리브유(엑스트라버진),921.0,0.0,0.0,0.0,원재료,올리브유,R114-017000000-0000,자동,R:올리브유,
280,청주,146.0,,13.0,13.0,원재료,맛술,P113-000020100-0019,검수,R:맛술,
281,우동,152.0,0.34,20.0,16.0,원재료,국수_우동_생것,R101-018020001-0000,자동,R:국수_우동_생것,
282,소고기(목심),194.0,0.0,159.0,287.0,원재료,소고기_한우(2등급)_목심(목심살)_생것,R209-027088401-0000,자동,R:소고기_한우(2등급)_목심(목심살)_생것,
283,소고기(삼겹),253.0,0.0,163.0,265.0,원재료,소고기_한우_양지_생것,R209-027031801-0000,자동,R:소고기_한우_양지_생것,
285,유자청,251.0,58.81,8.0,74.0,원재료,유자청,P109-000010200-0006,자동,R:유자청,
287,닭뼈,7.0,,15.0,60.0,원재료,닭뼈 육수,R209-011000000-0001,검수,R:닭뼈 육수,
289,바지락,74.0,1.52,157.0,121.0,원재료,"바지락,육,생것",R211-485014001-0000,자동,"R:바지락,육,생것",
290,사골육수,35.0,0.18,19.0,49.0,음식,사골국,D105-227000000-0001,검수,F:사골국,
293,미소된장,179.0,12.0,194.0,539.0,가공품중앙값,된장 가공식품 4개 중앙값,,검수,P:된장,
295,잡곡밥,140.0,0.0,,,가공품중앙값,잡곡밥 가공식품 3개 중앙값,,자동,P:잡곡밥,
297,저염된장,142.0,0.41,208.0,473.0,원재료,된장_재래,R118-012040000-0000,검수,R:된장_재래,
298,양배추,29.0,4.4,32.0,252.0,원재료,양배추_생것,R106-129000001-0000,자동,R:양배추_생것,
299,조랭이떡,218.0,0.02,46.5,59.0,가공품중앙값,떡볶이떡 가공식품 18개 중앙값,,검수,P:떡볶이떡,
300,꼬막,63.0,2.99,136.0,225.0,원재료,"꼬막류,꼬막,육,생것",R211-475014001-1200,검수,"R:꼬막류,꼬막,육,생것","빈 값 보충(같은 품목 중앙값): 당류,칼륨"
301,파프리카(주황색),24.0,5.26,22.0,269.0,원재료,파프리카(착색단고추)_주황색_생것,R106-194008201-0000,검수,R:파프리카(착색단고추)_주황색_생것,
302,찐고구마,163.0,13.75,52.0,428.0,원재료,고구마_찐것,R102-006000049-0000,검수,R:고구마_찐것,
303,찐어묵,115.0,1.78,72.0,91.0,원재료,"어묵, 찐어묵",P120-000010400-0003,자동,"R:어묵, 찐어묵",
304,소고기(차돌박이),326.0,0.0,118.0,215.0,원재료,소고기_한우(2등급)_양지(차돌박이)_생것,R209-027085901-0000,자동,R:소고기_한우(2등급)_양지(차돌박이)_생것,
305,참치통조림,164.0,0.1,265.0,332.0,원재료,"다랑어류,참다랑어,육,생것",R211-059074001-0000,검수,A:참치,참치 와 같게
308,청경채,10.0,0.0,40.0,366.0,원재료,청경채_생것,R106-175000001-0000,자동,R:청경채_생것,
309,청국장,72.0,1.2,293.5,518.0,가공품중앙값,청국장 가공식품 11개 중앙값,,자동,P:청국장,
313,칼국수,303.0,0.0,50.0,93.0,원재료,국수_칼국수_생것,R101-018070001-0000,자동,R:국수_칼국수_생것,
316,콜리플라워,27.0,2.28,62.0,403.0,원재료,꽃양배추(콜리플라워)_생것,R106-030000001-0000,검수,R:꽃양배추(콜리플라워)_생것,
317,케첩,118.0,22.22,36.0,477.0,가공품중앙값,가공식품 15개 중앙값((하인즈)?(토마토)?케[첩찹]),,검수,Q:(하인즈)?(토마토)?케[첩찹],
318,코코넛밀크,178.5,1.89,100.0,263.0,가공품중앙값,코코넛밀크 가공식품 14개 중앙값,,자동,P:코코넛밀크,
322,크랜베리,46.0,4.27,11.0,80.0,원재료,크랜베리_생것,R108-088000001-0000,자동,R:크랜베리_생것,
326,연어통조림,191.0,0.06,250.0,371.0,원재료,"연어류,연어,육,생것,수입",R211-201094001-5350,검수,A:연어,연어 와 같게
328,토마토홀통조림,44.0,5.2,37.0,490.0,원재료,"토마토, 통조림, 퓨레",P116-000070100-0007,검수,A:홀토마토,홀토마토 와 같게
332,파스타,380.0,2.05,167.0,195.0,원재료,파스타_마카로니_말린것,R101-024010002-0000,검수,R:파스타_마카로니_말린것,
333,팽이버섯,21.0,0.37,83.0,364.0,원재료,팽이버섯_생것,R107-025000001-0000,자동,R:팽이버섯_생것,
334,유부,359.0,0.0,413.0,128.0,가공품중앙값,유부 가공식품 6개 중앙값,,자동,P:유부,
335,표고버섯(기둥),26.0,0.4,132.0,356.0,원재료,표고버섯_갓_생것,R107-027003901-0000,자동,R:표고버섯_갓_생것,
336,피넛버터,576.5,5.45,,,가공품중앙값,피넛버터 가공식품 6개 중앙값,,자동,P:피넛버터,
337,피망,28.0,3.02,28.0,257.0,원재료,피망_빨간색_생것,R106-196008101-0000,자동,R:피망_빨간색_생것,
338,햄,234.0,1.92,204.0,339.0,원재료,"햄, 프레스햄",P117-000010100-0002,자동,"R:햄, 프레스햄",
339,현미,357.0,1.18,295.0,248.0,원재료,멥쌀_현미_생것,R101-008000501-0000,검수,R:멥쌀_현미_생것,
340,현미유,900.0,0.0,,,가공품중앙값,현미유 가공식품 10개 중앙값,,자동,P:현미유,
341,화이트와인,84.0,0.96,18.0,71.0,원재료,"포도주, 백포도주, 샤르도네",P115-000010500-0004,검수,"R:포도주, 백포도주, 샤르도네",
344,훈제오리고기,308.0,0.0,311.0,418.0,원재료,오리고기_껍질 포함_구운것(팬),R209-040007351-0000,검수,R:오리고기_껍질 포함_구운것(팬),
346,고추장,213.5,24.5,94.5,429.0,가공품중앙값,고추장 가공식품 6개 중앙값,,검수,P:고추장,
358,사과식초,19.0,2.21,3.0,8.0,원재료,"식초, 사과식초",P113-000010100-0003,자동,"R:식초, 사과식초",
359,상추,18.0,0.5,30.0,245.0,원재료,상추_로메인_청상추_생것,R106-101033601-0000,자동,R:상추_로메인_청상추_생것,
368,밀가루,375.0,0.0,86.0,115.0,원재료,밀_중력밀가루_분말화한것,R101-016080006-0000,검수,R:밀_중력밀가루_분말화한것,
372,가래떡,222.0,0.25,172.0,116.0,원재료,"멥쌀떡, 가래떡, 현미",D302-053000000-0003,자동,"R:멥쌀떡, 가래떡, 현미",
374,가시오가피,76.0,2.48,104.0,678.0,원재료,가시오가피_순_생것,R106-001002601-0000,자동,R:가시오가피_순_생것,
375,가자미,129.0,,196.0,377.0,원재료,"가자미, 생것",R211-009014001-0001,자동,"R:가자미, 생것",
377,가지,19.0,2.32,35.0,232.0,원재료,가지_생것,R106-003000001-0000,자동,R:가지_생것,
379,갈치,137.5,0.05,191.0,260.0,원재료,"갈치류,갈치,육,생것",R211-011014001-0003,자동,"R:갈치류,갈치,육,생것",빈 값 보충(같은 품목 중앙값): 당류
384,감자,67.0,0.0,33.0,412.0,원재료,감자_대지_생것,R102-001060001-0000,자동,R:감자_대지_생것,
386,감태,493.0,3.9,,,가공품중앙값,감태 가공식품 3개 중앙값,,자동,P:감태,
388,강낭콩,174.0,1.65,281.0,730.0,원재료,강낭콩_생것,R104-001000001-0000,자동,R:강낭콩_생것,
405,건포도,330.0,64.0,,775.0,가공품중앙값,건포도 가공식품 13개 중앙값,,자동,P:건포도,
407,검은콩,401.0,3.28,702.0,1885.0,원재료,콩(대두)_서리태_말린것,R104-012050002-0000,검수,R:콩(대두)_서리태_말린것,
412,겉절이,40.0,3.0,58.5,390.5,가공품중앙값,겉절이 가공식품 10개 중앙값,,자동,P:겉절이,
416,겨자,24.0,0.0,55.0,457.0,원재료,겨자_적겨자_생것,R106-011010001-0000,자동,R:겨자_적겨자_생것,
420,고등어,214.0,0.0,290.0,329.0,원재료,"고등어, 남해, 생것",R211-021014001-1210,자동,"R:고등어, 남해, 생것",
421,고사리,22.0,0.2,67.0,305.0,원재료,고사리_생것,R106-016000001-0000,자동,R:고사리_생것,
423,고추,29.0,1.8,38.0,270.0,원재료,고추_풋고추_생것,R106-018003101-0000,자동,R:고추_풋고추_생것,
426,곤드레나물,40.0,0.0,43.0,248.0,원재료,고려엉겅퀴(곤드레)_재배_말린것을 삶은 것,R106-014030083-0000,검수,R:고려엉겅퀴(곤드레)_재배_말린것을 삶은 것,
427,곤약,8.0,0.0,,,가공품중앙값,곤약 가공식품 4개 중앙값,,자동,P:곤약,
428,곤약국수,7.0,0.0,4.0,13.0,원재료,곤약(구약나물)_국수형_생것,R102-009010001-0000,검수,A:실곤약,실곤약 와 같게
432,곰피,141.0,3.8,93.0,556.5,원재료,"미역류,곰피,줄기,생것",R112-829055101-0000,자동,"R:미역류,곰피,줄기,생것","빈 값 보충(같은 품목 중앙값): 당류,칼륨"
436,관자,82.0,0.22,230.0,380.0,원재료,"가리비류,가리비,관자(패주),생것",R211-461014701-0000,검수,"R:가리비류,가리비,관자(패주),생것",빈 값 보충(같은 품목 중앙값): 당류
438,광어,125.0,0.0,274.0,465.0,원재료,"넙치(광어), 생것",R211-043012801-1045,검수,"R:넙치(광어), 생것",
439,구기자,50.0,0.78,102.0,551.0,원재료,구기자_재래종_순_생것,R106-224012601-0000,자동,R:구기자_재래종_순_생것,
440,국간장,48.0,2.0,121.0,657.0,가공품중앙값,국간장 가공식품 5개 중앙값,,자동,P:국간장,
441,국수,291.0,7.39,49.0,93.0,원재료,국수_생것,R101-018000001-0000,자동,R:국수_생것,
442,굴,57.5,1.63,125.0,290.5,원재료,"굴류,굴,육,생것",R211-473014001-0755,자동,"R:굴류,굴,육,생것","빈 값 보충(같은 품목 중앙값): 당류,인,칼륨"
444,굵은 소금,16.0,0.0,0.0,383.0,원재료,소금_천일염_굵은소금,R318-020035500-0000,자동,R:소금_천일염_굵은소금,
445,굵은소금,16.0,0.0,0.0,383.0,원재료,소금_천일염_굵은소금,R318-020035500-0000,자동,R:소금_천일염_굵은소금,
446,귀리,388.0,0.92,361.0,423.0,원재료,귀리_겉귀리_도정_생것,R101-001010101-0000,자동,R:귀리_겉귀리_도정_생것,
447,귀리밥,218.0,0.42,228.0,212.0,원재료,귀리밥_도정,R101-049000100-0000,자동,R:귀리밥_도정,
448,귤,50.0,10.17,17.0,154.0,원재료,귤_한라봉_생것,R108-010010001-0000,자동,R:귤_한라봉_생것,
452,그릭요거트,123.5,3.92,135.0,141.0,가공품중앙값,그릭요거트 가공식품 10개 중앙값,,자동,P:그릭요거트,
456,근대,18.0,0.0,34.0,562.0,원재료,근대_생것,R106-027000001-0000,자동,R:근대_생것,
459,김,410.0,37.87,100.0,209.0,원재료,"과자, 전병, 김",P101-000000100-0012,자동,"R:과자, 전병, 김",
460,김가루,585.0,0.0,,,가공품중앙값,김가루 가공식품 7개 중앙값,,자동,P:김가루,
461,김밥용 김,364.0,0.0,,,가공품중앙값,김밥용김 가공식품 3개 중앙값,,자동,P:김밥용김,
462,김장김치,40.0,3.34,,,가공품중앙값,김장김치 가공식품 3개 중앙값,,자동,P:김장김치,
463,김치,38.0,2.4,49.0,334.0,음식,배추김치,D315-670000000-0001,검수,F:배추김치,
464,까나리액젓,36.0,0.0,27.0,209.0,가공품중앙값,까나리액젓 가공식품 3개 중앙값,,자동,P:까나리액젓,
466,깍두기,33.0,2.61,34.5,299.5,가공품중앙값,깍두기 가공식품 20개 중앙값,,자동,P:깍두기,
467,깨,47.0,0.0,83.0,421.0,원재료,들깨_잎_생것,R106-207007801-0000,자동,R:들깨_잎_생것,
469,깻잎장아찌,124.0,8.0,,,가공품중앙값,깻잎장아찌 가공식품 3개 중앙값,,자동,P:깻잎장아찌,
471,꽁치,142.0,0.0,241.0,150.0,원재료,"꽁치,육,생것",R211-037014001-1266,자동,"R:꽁치,육,생것",빈 값 보충(같은 품목 중앙값): 당류
472,꽁치살,142.0,0.0,241.0,150.0,원재료,"꽁치,육,생것",R211-037014001-1266,검수,"R:꽁치,육,생것",빈 값 보충(같은 품목 중앙값): 당류
473,꽃게,77.0,1.2,159.5,216.0,원재료,"게류,꽃게,육,생것",R211-715014001-0000,자동,"R:게류,꽃게,육,생것",
474,꽈리고추,33.0,1.98,42.0,279.0,원재료,고추_꽈리고추_생것,R106-018020001-0000,자동,R:고추_꽈리고추_생것,
475,꿀,313.0,72.67,7.0,142.0,원재료,꿀,R103-003000000-0000,자동,R:꿀,
477,낙지,74.0,0.3,183.0,237.0,원재료,"문어류,낙지,육,생것",R211-665014001-0000,자동,"R:문어류,낙지,육,생것",
478,날치알,94.0,,102.0,29.0,원재료,"날치,알,생것",R211-039014301-0000,검수,"R:날치,알,생것",
480,냉동 곤약,6.0,0.0,3.0,13.0,원재료,곤약(구약나물)_판형_생것,R102-009020001-0000,검수,R:곤약(구약나물)_판형_생것,
481,냉동 새우살,101.5,0.9,120.5,330.0,원재료,"새우류,흰다리새우,육,생것",R211-717414001-0000,검수,A:새우,새우 와 같게 · 빈 값 보충(같은 품목 중앙값): 당류
482,냉동 아보카도,143.0,0.88,,,가공품중앙값,냉동아보카도 가공식품 18개 중앙값,,자동,P:냉동아보카도,
483,냉동고등어,214.0,0.0,290.0,329.0,원재료,"고등어, 남해, 생것",R211-021014001-1210,검수,A:고등어,고등어 와 같게
488,냉이,37.0,0.77,81.0,332.0,원재료,냉이_생것,R106-033000001-0000,자동,R:냉이_생것,
491,노란콩,201.0,2.43,305.0,692.0,원재료,콩(대두)_노란콩_삶은것,R104-012020046-0000,자동,R:콩(대두)_노란콩_삶은것,
492,노루궁뎅이버섯,13.0,0.54,71.0,362.0,원재료,노루궁뎅이버섯_생것,R107-003000001-0000,자동,R:노루궁뎅이버섯_생것,
497,논우렁,73.0,4.24,87.0,170.0,원재료,"우렁이, 논우렁이, 생것",R211-519010101-0000,검수,"R:우렁이, 논우렁이, 생것",빈 값 보충(같은 품목 중앙값): 당류
498,누룽지,414.0,0.11,82.0,70.0,원재료,멥쌀밥_누룽지,R101-013001100-0000,자동,R:멥쌀밥_누룽지,
508,단감,57.0,11.42,19.0,157.0,원재료,감_단감_생것,R108-001010001-0000,자동,R:감_단감_생것,
511,단호박,57.0,4.74,37.0,419.0,원재료,호박_단호박_생것,R106-198040001-0000,자동,R:호박_단호박_생것,
513,단호박작은것,57.0,4.74,37.0,419.0,원재료,호박_단호박_생것,R106-198040001-0000,검수,A:단호박,단호박 와 같게
514,달걀지단,136.0,0.11,173.0,127.0,원재료,달걀_생것,R210-003000001-0000,검수,A:달걀,달걀 와 같게
515,당근주스,36.0,6.0,16.0,193.0,가공품중앙값,당근주스 가공식품 9개 중앙값,,자동,P:당근주스,
516,당면,148.0,0.0,7.0,5.0,원재료,"당면, 분모자, 생것",R102-00702002-0002,자동,"R:당면, 분모자, 생것",
517,대구,68.0,0.0,197.0,357.0,원재료,"대구, 암컷, 생것",R211-065031601-1197,자동,"R:대구, 암컷, 생것",
518,대구살,68.0,0.0,197.0,357.0,원재료,"대구, 암컷, 생것",R211-065031601-1197,검수,"R:대구, 암컷, 생것",
519,대추,105.0,24.34,42.0,310.0,원재료,대추_생것,R108-016000001-0000,자동,R:대추_생것,
523,대파(흰 부분),23.0,2.63,30.0,181.0,원재료,파_대파_생것,R106-191040001-0000,자동,R:파_대파_생것,
525,대하,82.0,0.9,210.0,340.0,원재료,"새우류,대하,육,생것",R211-717134001-0402,자동,"R:새우류,대하,육,생것",빈 값 보충(같은 품목 중앙값): 당류
526,더덕,47.0,1.68,57.0,495.0,원재료,"더덕, 순, 생것",R106-043007621-0000,자동,"R:더덕, 순, 생것",
529,도라지,51.0,1.81,59.0,384.0,원재료,"도라지, 순, 생것",R106-044007621-0000,자동,"R:도라지, 순, 생것",
532,도미,107.0,0.4,270.0,425.0,원재료,"돔류,참돔,육,생것",R211-079434001-0004,검수,"R:돔류,참돔,육,생것","빈 값 보충(같은 품목 중앙값): 당류,칼륨"
533,도미살,107.0,0.4,270.0,425.0,원재료,"돔류,참돔,육,생것",R211-079434001-0004,검수,A:도미,"도미 와 같게 · 빈 값 보충(같은 품목 중앙값): 당류,칼륨"
535,도토리묵,47.0,0.0,3.0,12.0,원재료,도토리묵,R105-004000000-0000,자동,R:도토리묵,
539,돌나물,15.0,0.0,19.0,198.0,원재료,돌나물_생것,R106-045000001-0000,자동,R:돌나물_생것,
542,동치미,12.5,1.32,10.5,96.5,음식,동치미,D115-668000000-0001,검수,F:동치미,
543,동치미국물,12.5,1.32,10.5,96.5,음식,동치미,D115-668000000-0001,검수,F:동치미,
545,동태살,80.0,1.06,202.0,293.0,원재료,"명태,육,생것",R211-107034001-1273,검수,"R:명태,육,생것",빈 값 보충(같은 품목 중앙값): 당류
547,동태포,80.0,1.06,202.0,293.0,원재료,"명태,육,생것",R211-107034001-1273,검수,"R:명태,육,생것",빈 값 보충(같은 품목 중앙값): 당류
549,돼지고기(불고기용),236.0,0.0,185.0,287.0,원재료,돼지고기_갈비_생것,R209-014008101-0000,자동,R:돼지고기_갈비_생것,
550,돼지고기(뼈갈비),236.0,0.0,185.0,287.0,원재료,돼지고기_갈비_생것,R209-014008101-0000,검수,R:돼지고기_갈비_생것,
551,돼지고기(안심),123.0,0.0,211.0,373.0,원재료,돼지고기_안심(안심살)_생것,R209-014008701-0000,자동,R:돼지고기_안심(안심살)_생것,
552,돼지머리,159.0,0.0,179.0,326.0,원재료,돼지고기_앞다리_생것,R209-014008801-0000,검수,R:돼지고기_앞다리_생것,
556,두반장,94.0,7.63,58.0,296.0,원재료,두반장,P113-000020400-0030,자동,R:두반장,
560,들기름,920.0,0.0,0.0,0.0,원재료,들기름,R114-003000000-0000,자동,R:들기름,
561,들깨,47.0,0.0,83.0,421.0,원재료,들깨_잎_생것,R106-207007801-0000,자동,R:들깨_잎_생것,
566,딸기,34.0,6.11,31.0,199.0,원재료,"딸기, 죽향, 생것",R108-019000001-0000,자동,"R:딸기, 죽향, 생것",
569,땅콩기름,884.0,0.0,0.0,0.0,원재료,땅콩기름,R114-004000000-0000,자동,R:땅콩기름,
575,라면,416.0,2.49,102.0,241.0,원재료,"라면, 조리전",P108-000000400-0000,자동,"R:라면, 조리전",
577,라임,30.0,1.69,18.0,102.0,원재료,라임_생것,R108-022000001-0000,자동,R:라임_생것,
578,라임주스,21.0,1.37,10.0,75.0,가공품중앙값,라임주스 가공식품 3개 중앙값,,자동,P:라임주스,
581,라즈베리,52.0,4.42,29.0,151.0,원재료,라즈베리_생것,R108-115000001-0000,자동,R:라즈베리_생것,
582,락교,47.5,5.0,,,가공품중앙값,락교 가공식품 6개 중앙값,,자동,P:락교,
584,레드와인,84.0,0.96,18.0,71.0,원재료,"포도주, 백포도주, 샤르도네",P115-000010500-0004,검수,"R:포도주, 백포도주, 샤르도네",
588,레몬,36.0,1.87,22.0,122.0,원재료,레몬_생것,R108-024000001-0000,자동,R:레몬_생것,
592,레몬즙,36.0,1.87,22.0,122.0,원재료,레몬_생것,R108-024000001-0000,검수,R:레몬_생것,
596,로메인,18.0,0.5,30.0,245.0,원재료,상추_로메인_청상추_생것,R106-101033601-0000,자동,R:상추_로메인_청상추_생것,
599,마,63.0,1.0,52.0,417.0,원재료,마_단마_생것,R102-011010001-0000,자동,R:마_단마_생것,
603,마늘칩,430.0,3.5,,,가공품중앙값,마늘칩 가공식품 3개 중앙값,,자동,P:마늘칩,
605,마요네즈,684.5,1.58,40.0,24.0,가공품중앙값,마요네즈 가공식품 6개 중앙값,,자동,P:마요네즈,
606,마카다미아,715.0,4.6,,,가공품중앙값,마카다미아 가공식품 5개 중앙값,,자동,P:마카다미아,
608,막걸리,119.0,8.66,34.0,32.0,원재료,"발효주, 탁주, 막걸리, 전통주, 알코올 10%",P115-000010100-0001,자동,"R:발효주, 탁주, 막걸리, 전통주, 알코올 10%",
610,만두피,260.0,2.0,,,가공품중앙값,만두피 가공식품 3개 중앙값,,자동,P:만두피,
615,맛간장,48.0,2.0,145.0,480.0,가공품중앙값,가공식품 21개 중앙값((양조|진|국|조선|재래|한식|왜|맛)?간장),,검수,A:간장,간장 와 같게
617,맛술,146.0,,13.0,13.0,원재료,맛술,P113-000020100-0019,검수,R:맛술,
618,망고,59.0,13.65,16.0,142.0,원재료,망고_생것,R108-028000001-0000,자동,R:망고_생것,
620,매생이,39.0,0.07,97.0,263.0,원재료,"매생이,줄기,생것",R112-825015101-0000,자동,"R:매생이,줄기,생것",
622,매실장아찌,193.5,40.0,,,가공품중앙값,매실장아찌 가공식품 6개 중앙값,,자동,P:매실장아찌,
623,매실청,250.0,55.9,7.0,104.0,가공품중앙값,매실청 가공식품 15개 중앙값,,자동,P:매실청,
624,맥주,34.0,0.24,16.0,42.0,원재료,"발효주, 맥주, 쌀, 알코올 4.5%",P115-000010400-0002,자동,"R:발효주, 맥주, 쌀, 알코올 4.5%",
627,머윗대,28.0,1.81,54.0,325.0,원재료,머위_삶은것,R106-062000046-0000,검수,R:머위_삶은것,
632,메밀가루,360.5,0.0,,,가공품중앙값,메밀가루 가공식품 8개 중앙값,,자동,P:메밀가루,
633,메밀묵,54.0,0.0,37.0,48.0,원재료,메밀묵_생것,R101-007000001-0000,자동,R:메밀묵_생것,
634,메이플시럽,320.0,79.0,2.0,212.0,가공품중앙값,메이플시럽 가공식품 5개 중앙값,,자동,P:메이플시럽,
635,메추리알,146.0,0.0,222.0,154.0,원재료,메추리알_생것,R210-008000001-0000,자동,R:메추리알_생것,
637,멜론,40.0,8.08,19.0,374.0,원재료,멜론_머스크_생것,R108-034020001-0000,자동,R:멜론_머스크_생것,
640,멸치액젓,45.0,0.0,24.0,242.0,가공품중앙값,멸치액젓 가공식품 6개 중앙값,,자동,P:멸치액젓,
642,명란젓,134.0,1.0,,,가공품중앙값,명란젓 가공식품 9개 중앙값,,자동,P:명란젓,
644,명태,80.0,1.06,202.0,293.0,원재료,"명태,육,생것",R211-107034001-1273,자동,"R:명태,육,생것",빈 값 보충(같은 품목 중앙값): 당류
648,모시조개,74.0,1.52,157.0,121.0,원재료,"바지락,육,생것",R211-485014001-0000,검수,"R:바지락,육,생것",
649,목이버섯,13.0,0.12,15.0,55.0,원재료,목이버섯_생것,R107-008000001-0000,자동,R:목이버섯_생것,
654,무말랭이,178.0,23.0,,,가공품중앙값,무말랭이 가공식품 6개 중앙값,,자동,P:무말랭이,
655,무순,20.0,0.67,52.0,55.0,원재료,무순_싹_생것,R106-066002701-0000,자동,R:무순_싹_생것,
659,무장아찌,97.5,16.0,,,가공품중앙값,무장아찌 가공식품 6개 중앙값,,자동,P:무장아찌,
661,무청,23.0,0.82,28.0,509.0,원재료,무청_조선무_잎_생것,R106-066027801-0000,자동,R:무청_조선무_잎_생것,
663,무화과,45.0,9.94,19.0,177.0,원재료,무화과_봉래시_생것,R108-036020001-0000,자동,R:무화과_봉래시_생것,
664,묵은지,38.0,2.4,49.0,334.0,음식,배추김치,D315-670000000-0001,검수,F:배추김치,
665,문어,72.0,0.2,174.0,290.0,원재료,"문어류,문어,육,생것",R211-665054001-0000,자동,"R:문어류,문어,육,생것",
666,물김치국물,12.5,1.32,10.5,96.5,음식,동치미,D115-668000000-0001,검수,F:동치미,
669,물엿,321.0,36.0,0.0,0.0,가공품중앙값,가공식품 7개 중앙값(.*물엿),,검수,Q:.*물엿,
673,미나리,16.0,0.85,46.0,379.0,원재료,미나리_돌미나리_생것,R106-077010001-0000,자동,R:미나리_돌미나리_생것,
674,미니 단호박,57.0,4.74,37.0,419.0,원재료,호박_단호박_생것,R106-198040001-0000,검수,A:단호박,단호박 와 같게
675,미니단호박,57.0,4.74,37.0,419.0,원재료,호박_단호박_생것,R106-198040001-0000,검수,A:단호박,단호박 와 같게
679,미더덕,45.5,,111.0,,원재료,"미더덕류,미더덕,육,생것",R211-921014001-1200,자동,"R:미더덕류,미더덕,육,생것",
680,미숫가루,385.0,1.9,,,가공품중앙값,미숫가루 가공식품 4개 중앙값,,자동,P:미숫가루,
684,민들레,29.0,0.0,44.0,593.0,원재료,민들레_생것,R106-078000001-0000,자동,R:민들레_생것,
686,민어,89.0,35.2,178.0,330.0,원재료,"민어,육,생것",R211-117014001-0004,자동,"R:민어,육,생것","빈 값 보충(같은 품목 중앙값): 당류,칼륨"
687,민트,27.0,0.0,71.0,410.0,원재료,"애플민트, 생것",R106-902000000-0000,자동,"R:애플민트, 생것",
692,바나나,77.0,14.4,23.0,355.0,원재료,바나나_생것,R108-037000001-0000,자동,R:바나나_생것,
699,바지락(모시조개),74.0,1.52,157.0,121.0,원재료,"바지락,육,생것",R211-485014001-0000,자동,"R:바지락,육,생것",
709,방울토마토,25.0,3.89,28.0,209.0,원재료,토마토_방울토마토_생것,R106-186010001-0000,자동,R:토마토_방울토마토_생것,
710,배즙,46.5,8.5,,,가공품중앙값,배즙 가공식품 6개 중앙값,,자동,P:배즙,
711,배추,15.0,1.71,41.0,262.0,원재료,배추_생것,R106-087000001-0000,자동,R:배추_생것,
712,배추김치,38.0,3.14,38.0,271.0,가공품중앙값,배추김치 가공식품 52개 중앙값,,자동,P:배추김치,
713,배추잎,15.0,1.71,41.0,262.0,원재료,배추_생것,R106-087000001-0000,검수,R:배추_생것,
714,배춧잎,15.0,1.71,41.0,262.0,원재료,배추_생것,R106-087000001-0000,검수,R:배추_생것,
715,백김치,16.0,1.04,29.0,187.0,음식,백김치,D315-671000000-0001,검수,F:백김치,
729,백합,74.0,,133.0,230.0,원재료,"백합류,백합,육,생것",R211-487034001-0352,검수,"R:백합류,백합,육,생것",빈 값 보충(같은 품목 중앙값): 칼륨
733,베이컨,241.0,0.99,211.0,218.5,가공품중앙값,베이컨 가공식품 8개 중앙값,,검수,P:베이컨,
734,베이킹 파우더,51.0,0.0,9918.0,5.0,원재료,"팽창제, 베이킹파우더",R120-025030002-0000,자동,"R:팽창제, 베이킹파우더",
740,병어,115.0,,242.0,360.0,원재료,"병어,육,생것",R211-141014001-0005,자동,"R:병어,육,생것",
742,보리,341.0,0.46,182.0,224.0,원재료,보리_호강_도정_생것,R101-025100101-0000,자동,R:보리_호강_도정_생것,
743,보리새우,71.0,0.9,240.0,450.0,원재료,"새우류,보리새우,육,생것",R211-717194001-1050,자동,"R:새우류,보리새우,육,생것",빈 값 보충(같은 품목 중앙값): 당류
747,복숭아,49.0,9.45,24.0,216.0,원재료,복숭아_백도_생것,R108-043020001-0000,자동,R:복숭아_백도_생것,
757,봄동,23.0,2.16,47.0,243.0,원재료,배추_봄동_생것,R106-087030001-0000,자동,R:배추_봄동_생것,
759,부침가루,355.0,3.49,154.0,140.0,가공품중앙값,부침가루 가공식품 7개 중앙값,,검수,P:부침가루,
766,블랙타이거새우,101.5,0.9,120.5,330.0,원재료,"새우류,흰다리새우,육,생것",R211-717414001-0000,검수,A:새우,새우 와 같게 · 빈 값 보충(같은 품목 중앙값): 당류
767,블루베리,43.0,7.86,12.0,70.0,원재료,블루베리_생것,R108-047000001-0000,자동,R:블루베리_생것,
769,비름나물,27.0,0.27,54.0,541.0,원재료,비름_데친것,R106-093000047-0000,검수,R:비름_데친것,
771,비트,26.0,2.87,33.0,393.0,원재료,비트_뿌리_생것,R106-095007601-0000,자동,R:비트_뿌리_생것,
775,빵가루,264.0,1.56,117.0,129.0,음식,식빵,D102-100000000-0001,검수,F:식빵,
778,사각 라이스페이퍼,345.0,1.98,,4.5,가공품중앙값,사각라이스페이퍼 가공식품 3개 중앙값,,자동,P:사각라이스페이퍼,
779,사과작은것,52.0,10.62,10.0,116.0,원재료,사과_생것,R108-050000001-0000,검수,A:사과,사과 와 같게
780,사과즙,52.0,10.62,10.0,116.0,원재료,사과_생것,R108-050000001-0000,검수,A:사과,사과 와 같게
782,사이다,41.0,9.41,0.0,0.0,가공품중앙값,사이다 가공식품 4개 중앙값,,자동,P:사이다,
784,산마,63.0,1.0,52.0,417.0,원재료,마_단마_생것,R102-011010001-0000,검수,A:마,마 와 같게
788,삼치,110.5,0.0,211.0,387.0,원재료,"삼치류,삼치,육,생것",R211-171014001-0000,자동,"R:삼치류,삼치,육,생것",
790,새싹,21.0,0.15,62.0,704.0,원재료,비트_어린잎_생것,R106-095003801-0000,검수,R:비트_어린잎_생것,
791,새싹채소,21.0,0.15,62.0,704.0,원재료,비트_어린잎_생것,R106-095003801-0000,검수,A:어린잎,어린잎 와 같게
793,새우 살,60.0,0.0,,,가공품중앙값,새우살 가공식품 3개 중앙값,,자동,P:새우살,
794,새우(대하),323.0,0.9,3.0,325.0,원재료,"새우류,새우,껍질,생것",R211-717254601-0000,자동,"R:새우류,새우,껍질,생것","빈 값 보충(같은 품목 중앙값): 당류,칼륨"
796,새우젓,53.0,0.0,229.0,,가공품중앙값,새우젓 가공식품 17개 중앙값,,자동,P:새우젓,
803,생강청,246.5,55.75,2.0,48.0,가공품중앙값,생강청 가공식품 14개 중앙값,,검수,P:생강청,
805,생들기름,832.0,0.0,,,가공품중앙값,생들기름 가공식품 10개 중앙값,,자동,P:생들기름,
809,생선살,80.0,1.06,202.0,293.0,원재료,"명태,육,생것",R211-107034001-1273,검수,"R:명태,육,생것",빈 값 보충(같은 품목 중앙값): 당류
814,생크림,372.5,1.0,57.0,91.0,가공품중앙값,생크림 가공식품 4개 중앙값,,자동,P:생크림,
815,서리태,184.0,1.77,291.0,646.0,원재료,콩(대두)_서리태_삶은것,R104-012050046-0000,자동,R:콩(대두)_서리태_삶은것,
816,석류,77.0,9.94,39.0,242.0,원재료,석류_생것,R108-059000001-0000,자동,R:석류_생것,
817,석박지,37.0,3.44,0.0,249.0,가공품중앙값,석박지 가공식품 10개 중앙값,,자동,P:석박지,
819,세발나물,18.0,0.0,38.0,322.0,원재료,세발나물_생것,R106-106000001-0000,자동,R:세발나물_생것,
821,소고기(갈빗살),253.0,0.0,163.0,265.0,원재료,소고기_한우_양지_생것,R209-027031801-0000,자동,R:소고기_한우_양지_생것,
822,소고기(불고기용),166.0,0.0,198.0,327.0,원재료,소고기_한우(1등급)_우둔(우둔살)_생것,R209-027061601-0000,검수,R:소고기_한우(1등급)_우둔(우둔살)_생것,
823,소고기(살치살),274.0,0.0,143.0,238.0,원재료,소고기_한우(2등급)_등심(살치살)_생것,R209-027084401-0000,자동,R:소고기_한우(2등급)_등심(살치살)_생것,
824,소고기(샤브샤브용),253.0,0.0,163.0,265.0,원재료,소고기_한우_양지_생것,R209-027031801-0000,자동,R:소고기_한우_양지_생것,
825,소고기(홍두깨살),146.0,0.0,211.0,367.0,원재료,소고기_한우(1등급)_우둔(홍두깨살)_생것,R209-027061701-0000,자동,R:소고기_한우(1등급)_우둔(홍두깨살)_생것,
826,소라,103.0,,185.0,,원재료,"소라류,소라,육,생것",R211-495014001-0432,자동,"R:소라류,소라,육,생것",
827,소라살,74.0,1.52,157.0,121.0,원재료,"바지락,육,생것",R211-485014001-0000,검수,A:바지락,바지락 와 같게
828,소불고기,166.0,0.0,198.0,327.0,원재료,소고기_한우(1등급)_우둔(우둔살)_생것,R209-027061601-0000,검수,A:소고기(불고기용),소고기(불고기용) 와 같게
829,소시지,248.0,2.35,218.0,221.5,가공품중앙값,소시지 가공식품 5개 중앙값,,검수,P:소시지,
830,소주,172.0,0.0,0.0,0.0,원재료,"소주, 알코올 25%",P115-000020400-0004,자동,"R:소주, 알코올 25%",
832,손질된 흰살생선,80.0,1.06,202.0,293.0,원재료,"명태,육,생것",R211-107034001-1273,검수,"R:명태,육,생것",빈 값 보충(같은 품목 중앙값): 당류
835,수박,31.0,5.06,12.0,109.0,원재료,수박_적육질_생것,R108-061030001-0000,자동,R:수박_적육질_생것,
838,수삼,90.0,8.1,100.0,447.0,원재료,인삼_수삼_생것,R120-021020001-0000,자동,R:인삼_수삼_생것,
839,수수,374.0,0.46,302.0,367.0,원재료,수수_도정_생것,R101-027000101-0000,자동,R:수수_도정_생것,
840,순두부,50.0,0.55,69.0,176.0,가공품중앙값,순두부 가공식품 6개 중앙값,,자동,P:순두부,
841,순무,21.0,0.12,35.0,537.0,원재료,순무_잎_생것,R106-113007801-0000,자동,R:순무_잎_생것,
845,스테비아,40.0,0.0,59.0,412.0,원재료,스테비아_생것,R106-114000001-0000,자동,R:스테비아_생것,
848,스트링치즈,284.0,0.0,273.0,50.0,가공품중앙값,스트링치즈 가공식품 12개 중앙값,,자동,P:스트링치즈,
853,시금치,29.0,0.4,75.0,691.0,원재료,시금치_생것,R106-115000001-0000,자동,R:시금치_생것,
860,식빵,285.0,21.32,80.0,100.0,원재료,"빵, 식빵, 밤",P101-000000400-0029,자동,"R:빵, 식빵, 밤",
866,실곤약,7.0,0.0,4.0,13.0,원재료,곤약(구약나물)_국수형_생것,R102-009010001-0000,검수,R:곤약(구약나물)_국수형_생것,
867,쌀가루,364.0,0.07,,,가공품중앙값,쌀가루 가공식품 13개 중앙값,,자동,P:쌀가루,
869,쌀국수,350.0,0.0,,,가공품중앙값,쌀국수 가공식품 41개 중앙값,,자동,P:쌀국수,
871,쌀뜨물,0.0,0.0,0.0,0.0,영양없음,물·얼음 등,,검수,0,
874,쌀파스타면,380.0,0.0,158.0,31.0,원재료,멥쌀 국수_말린것,R101-010000002-0000,검수,R:멥쌀 국수_말린것,
876,쌈무,71.0,15.6,,,가공품중앙값,쌈무 가공식품 3개 중앙값,,자동,P:쌈무,
877,쌈장,200.0,20.54,137.0,472.0,가공품중앙값,쌈장 가공식품 10개 중앙값,,자동,P:쌈장,
878,쌈채,18.0,0.5,30.0,245.0,원재료,상추_로메인_청상추_생것,R106-101033601-0000,검수,A:상추,상추 와 같게
879,쌈추,25.0,0.0,69.0,473.0,원재료,쌈추_생것,R106-117000001-0000,자동,R:쌈추_생것,
880,쑥,37.0,0.0,69.0,652.0,원재료,쑥_생것,R106-118000001-0000,자동,R:쑥_생것,
883,쑥갓,15.0,0.0,36.0,239.0,원재료,쑥갓_생것,R106-119000001-0000,자동,R:쑥갓_생것,
885,아귀,70.0,,150.0,220.0,원재료,"아귀류,아귀,육,생것",R211-195014001-0000,검수,"R:아귀류,아귀,육,생것",빈 값 보충(같은 품목 중앙값): 칼륨
886,아몬드,581.0,6.82,523.0,780.0,원재료,아몬드_말린것,R105-020000002-0000,검수,R:아몬드_말린것,
894,아보카도,160.0,0.66,52.0,485.0,원재료,아보카도_생것,R108-064000001-0000,자동,R:아보카도_생것,
897,아스파라거스,17.0,1.35,55.0,293.0,원재료,아스파라거스_생것,R106-122000001-0000,자동,R:아스파라거스_생것,
898,아욱,37.0,0.0,76.0,426.0,원재료,아욱_생것,R106-123000001-0000,자동,R:아욱_생것,
901,안심,205.0,0.0,197.0,337.0,원재료,소고기_한우(1등급)_안심(안심살)_생것,R209-027068701-0000,검수,R:소고기_한우(1등급)_안심(안심살)_생것,
904,알배추,15.0,2.11,39.0,239.0,원재료,"배추, 알배기, 생것",R106-087000001-0001,검수,"R:배추, 알배기, 생것",
910,애느타리버섯,16.0,,84.0,262.0,원재료,애느타리버섯_생것,R107-017000001-0000,자동,R:애느타리버섯_생것,
911,애플민트,27.0,0.0,71.0,410.0,원재료,"애플민트, 생것",R106-902000000-0000,자동,"R:애플민트, 생것",
913,액젓,51.0,2.85,13.0,241.0,원재료,"멸치, 액젓, 수입산",R211-105033977-0000,자동,"R:멸치, 액젓, 수입산",
915,야채국물,1.0,,3.0,86.0,원재료,다시마 육수,P113-000020100-0018,검수,R:다시마 육수,
916,야채육수,1.0,,3.0,86.0,원재료,다시마 육수,P113-000020100-0018,검수,R:다시마 육수,
917,양고기(부채살),205.0,,140.0,230.0,원재료,양고기_외국산_다리_생것,R209-036018201-0000,자동,R:양고기_외국산_다리_생것,
919,양상추,15.0,1.77,20.0,152.0,원재료,"상추, 결구(양상추), 녹색, 찐것",R106-103143649-0000,검수,"R:상추, 결구(양상추), 녹색, 찐것",
925,양파즙,27.0,4.17,,,가공품중앙값,양파즙 가공식품 5개 중앙값,,자동,P:양파즙,
927,어린잎,21.0,0.15,62.0,704.0,원재료,비트_어린잎_생것,R106-095003801-0000,자동,R:비트_어린잎_생것,
928,어린잎채소,21.0,0.15,62.0,704.0,원재료,비트_어린잎_생것,R106-095003801-0000,검수,A:어린잎,어린잎 와 같게
930,어묵,115.0,1.78,72.0,91.0,원재료,"어묵, 찐어묵",P120-000010400-0003,검수,"R:어묵, 찐어묵",
933,얼갈이 배추,14.0,0.58,40.0,246.0,원재료,얼갈이배추_생것,R106-136000001-0000,자동,R:얼갈이배추_생것,
934,얼갈이배추,14.0,0.58,40.0,246.0,원재료,얼갈이배추_생것,R106-136000001-0000,자동,R:얼갈이배추_생것,
937,얼음,0.0,0.0,0.0,0.0,영양없음,물·얼음 등,,검수,0,
940,연두부,50.0,0.71,72.0,160.0,가공품중앙값,연두부 가공식품 5개 중앙값,,검수,P:연두부,
942,연어,191.0,0.06,250.0,371.0,원재료,"연어류,연어,육,생것,수입",R211-201094001-5350,자동,"R:연어류,연어,육,생것,수입",
943,연어 필레,191.0,0.06,250.0,371.0,원재료,"연어류,연어,육,생것,수입",R211-201094001-5350,검수,A:연어,연어 와 같게
944,연유,322.0,5.05,158.0,226.0,가공품중앙값,연유 가공식품 3개 중앙값,,자동,P:연유,
946,열무,14.0,0.38,41.0,329.0,원재료,열무_생것,R106-144000001-0000,자동,R:열무_생것,
947,열무김치,36.0,0.68,44.0,353.0,음식,열무김치,D315-675000000-0001,검수,F:열무김치,
950,오가피,76.0,2.48,104.0,678.0,원재료,가시오가피_순_생것,R106-001002601-0000,자동,R:가시오가피_순_생것,
952,오곡밥,171.5,0.0,,,가공품중앙값,오곡밥 가공식품 4개 중앙값,,자동,P:오곡밥,
954,오렌지 주스,45.0,9.0,16.0,155.0,가공품중앙값,오렌지주스 가공식품 19개 중앙값,,자동,P:오렌지주스,
957,오리고기,117.0,0.0,212.0,305.0,원재료,오리고기_살코기_생것,R209-040008601-0000,자동,R:오리고기_살코기_생것,
958,오미자,81.0,,57.0,350.0,원재료,오미자_생것,R108-073000001-0000,자동,R:오미자_생것,
959,오미자물,0.0,0.0,0.0,0.0,영양없음,물·얼음 등,,검수,0,
960,오미자청,246.0,53.16,4.0,60.0,가공품중앙값,오미자청 가공식품 6개 중앙값,,자동,P:오미자청,
961,오이,12.0,1.77,23.0,161.0,원재료,오이_취청_생것,R106-148050001-0000,자동,R:오이_취청_생것,
962,오이고추,23.0,0.76,27.0,227.0,원재료,고추_오이고추_생것,R106-018060001-0000,자동,R:고추_오이고추_생것,
963,오징어 몸통,94.5,0.0,271.5,351.0,원재료,"오징어류,오징어,육,생것",R211-667114001-0000,검수,A:오징어,오징어 와 같게
964,오트밀,417.5,1.14,,,가공품중앙값,오트밀 가공식품 4개 중앙값,,자동,P:오트밀,
965,옥수수,164.0,3.42,162.0,297.0,원재료,옥수수_대학_생것,R101-030270001-0000,자동,R:옥수수_대학_생것,
971,옥수수전분,361.0,0.0,,,가공품중앙값,옥수수전분 가공식품 3개 중앙값,,자동,P:옥수수전분,
972,옥수수콘,108.0,4.58,99.0,267.0,원재료,옥수수_고당옥_생것,R101-030240001-0000,검수,R:옥수수_고당옥_생것,
973,올리고당,299.0,30.63,0.0,0.0,원재료,"시럽, 올리고당",P104-000030200-0000,자동,"R:시럽, 올리고당",
975,올방개묵,44.0,0.0,0.0,22.0,원재료,올방개묵,P106-000000400-0000,자동,R:올방개묵,
976,와인,84.0,0.96,18.0,71.0,원재료,"포도주, 백포도주, 샤르도네",P115-000010500-0004,검수,A:레드와인,레드와인 와 같게
977,완두콩,115.0,1.72,174.0,356.0,원재료,완두_생것,R104-008000001-0000,검수,R:완두_생것,
982,요거트,103.0,5.0,135.0,141.0,가공품중앙값,가공식품 28개 중앙값((플레인)?(그릭)?요거트),,검수,Q:(플레인)?(그릭)?요거트,
988,우렁이,73.0,4.24,87.0,170.0,원재료,"우렁이, 논우렁이, 생것",R211-519010101-0000,자동,"R:우렁이, 논우렁이, 생것",빈 값 보충(같은 품목 중앙값): 당류
994,우엉,69.0,2.87,87.0,406.0,원재료,우엉_생것,R106-154000001-0000,자동,R:우엉_생것,
996,우유,67.0,4.81,104.0,162.0,원재료,우유,R213-009000000-0000,자동,R:우유,
1005,육수,1.0,0.0,11.0,29.0,원재료,멸치 육수,P113-000050100-0001,검수,R:멸치 육수,
1006,율무,380.0,0.97,345.0,285.0,원재료,율무_도정_생것,R101-034000101-0000,자동,R:율무_도정_생것,
1009,인삼,90.0,8.1,100.0,447.0,원재료,인삼_수삼_생것,R120-021020001-0000,자동,R:인삼_수삼_생것,
1017,자숙새우,101.5,0.9,120.5,330.0,원재료,"새우류,흰다리새우,육,생것",R211-717414001-0000,검수,A:새우,새우 와 같게 · 빈 값 보충(같은 품목 중앙값): 당류
1019,잡곡,358.0,0.93,234.0,366.0,원재료,잡곡_현미+찹쌀+현미찹쌀+보리 등_생것,R101-047002001-0000,자동,R:잡곡_현미+찹쌀+현미찹쌀+보리 등_생것,
1021,장,99.0,0.0,257.0,262.0,원재료,소 부산물_신장_생것,R209-028003501-0000,자동,R:소 부산물_신장_생것,
1022,장어,289.0,,254.0,277.0,원재료,"장어, 양념, 구운것",R211-217074097-0002,검수,"R:장어, 양념, 구운것",
1028,저염베이컨,241.0,0.99,211.0,218.5,가공품중앙값,베이컨 가공식품 8개 중앙값,,검수,A:베이컨,베이컨 와 같게
1032,저지방우유,67.0,4.81,104.0,162.0,원재료,우유,R213-009000000-0000,검수,A:우유,우유 와 같게
1033,적겨자,24.0,0.0,55.0,457.0,원재료,겨자_적겨자_생것,R106-011010001-0000,자동,R:겨자_적겨자_생것,
1036,적채,35.0,4.14,43.0,344.0,원재료,양배추_적양배추_생것,R106-129010001-0000,검수,A:적양배추,적양배추 와 같게
1040,전복,92.0,,129.5,240.0,원재료,"전복류,전복,육,생것",R211-509074001-0006,검수,"R:전복류,전복,육,생것","빈 값 보충(같은 품목 중앙값): 인,칼륨"
1045,절임물,0.0,0.0,0.0,0.0,영양없음,물·얼음 등,,검수,0,
1047,젓갈,71.0,0.25,127.0,174.0,원재료,"조개, 젓갈",D316-691020000-0002,자동,"R:조개, 젓갈",
1053,조,373.0,0.71,335.0,304.0,원재료,조_메조_도정_생것,R101-037000101-0000,자동,R:조_메조_도정_생것,
1054,조개,74.0,1.52,157.0,121.0,원재료,"바지락,육,생것",R211-485014001-0000,검수,"R:바지락,육,생것",
1057,조기,111.0,0.15,205.0,329.0,원재료,"조기류,참조기,육,생것",R211-227014001-0000,자동,"R:조기류,참조기,육,생것",
1060,조선무,21.0,2.96,33.0,279.0,원재료,무_조선무_뿌리_생것,R106-065027601-0000,자동,R:무_조선무_뿌리_생것,
1062,족발,212.0,0.0,75.0,63.0,원재료,돼지 부산물_족발_생것,R209-015003801-0000,자동,R:돼지 부산물_족발_생것,
1064,주꾸미,65.0,0.2,129.0,273.0,원재료,"문어류,주꾸미,육,생것",R211-665094001-0002,검수,"R:문어류,주꾸미,육,생것","빈 값 보충(같은 품목 중앙값): 당류,칼륨"
1065,주키니호박,23.0,2.34,50.0,282.0,원재료,호박_쥬키니_생것,R106-198060001-0000,검수,R:호박_쥬키니_생것,
1066,죽순,24.0,1.11,66.0,468.0,원재료,죽순_순_생것,R106-167002601-0000,자동,R:죽순_순_생것,
1068,줄기토마토,19.0,2.37,29.0,250.0,원재료,토마토_생것,R106-186000001-0000,검수,A:토마토,토마토 와 같게
1071,증편,200.0,3.19,38.0,22.0,음식,증편,D102-072000000-0001,검수,F:증편,
1072,진간장,45.0,4.0,,,가공품중앙값,진간장 가공식품 5개 중앙값,,자동,P:진간장,
1077,찜갈비,376.0,0.0,130.0,215.0,원재료,소고기_한우(1등급)_갈비_생것,R209-027068101-0000,검수,R:소고기_한우(1등급)_갈비_생것,
1081,찰보리,346.0,0.5,224.0,296.0,원재료,보리_찰보리_도정_생것,R101-025070101-0000,자동,R:보리_찰보리_도정_생것,
1084,참나물,20.0,0.0,48.0,582.0,원재료,참나물_재배_생것,R106-171020001-0000,자동,R:참나물_재배_생것,
1088,참외,40.0,8.82,26.0,388.0,원재료,참외_씨 제거_생것,R108-086004101-0000,자동,R:참외_씨 제거_생것,
1089,참취,51.0,2.55,63.0,556.0,원재료,취나물_참취_생것,R106-177030001-0000,자동,R:취나물_참취_생것,
1090,참치,164.0,0.1,265.0,332.0,원재료,"다랑어류,참다랑어,육,생것",R211-059074001-0000,검수,"R:다랑어류,참다랑어,육,생것",
1092,찹쌀,363.0,0.29,101.0,104.0,원재료,찹쌀_백미_생것,R101-038000301-0000,검수,R:찹쌀_백미_생것,
1093,찹쌀가루,377.0,0.41,81.0,79.0,원재료,찹쌀_백미_분말화한것,R101-038000306-0000,검수,R:찹쌀_백미_분말화한것,
1095,찹쌀현미밥,166.0,0.4,142.0,122.0,원재료,멥쌀밥_현미,R101-013000500-0000,검수,R:멥쌀밥_현미,
1097,채소 육수,1.0,,3.0,86.0,원재료,다시마 육수,P113-000020100-0018,검수,A:채소국물,채소국물 와 같게
1098,채소국물,1.0,,3.0,86.0,원재료,다시마 육수,P113-000020100-0018,검수,R:다시마 육수,
1103,청포묵,34.5,0.0,2.0,4.0,가공품중앙값,청포묵 가공식품 4개 중앙값,,검수,P:청포묵,
1105,체리,57.0,8.01,25.0,231.0,원재료,체리_생것,R108-111000001-0000,자동,R:체리_생것,
1110,취나물,51.0,2.55,63.0,556.0,원재료,취나물_참취_생것,R106-177030001-0000,자동,R:취나물_참취_생것,
1116,치커리,19.0,0.51,31.0,457.0,원재료,치커리_잎_생것,R106-178007801-0000,자동,R:치커리_잎_생것,
1118,치킨스톡,109.5,4.0,,,가공품중앙값,치킨스톡 가공식품 4개 중앙값,,자동,P:치킨스톡,
1119,치킨육수,12.0,,23.0,71.0,원재료,닭 육수,R209-011000000-0000,검수,R:닭 육수,
1120,칠리,374.0,,260.0,3000.0,원재료,칠리_가루,R118-033080806-0000,검수,R:칠리_가루,
1121,카놀라유,830.0,0.0,,,가공품중앙값,카놀라유 가공식품 22개 중앙값,,자동,P:카놀라유,
1122,카레가루,379.0,21.73,110.0,317.0,원재료,"하이라이스, 가루",P113-000020100-0017,검수,"R:하이라이스, 가루",
1131,칵테일새우,101.5,0.9,120.5,330.0,원재료,"새우류,흰다리새우,육,생것",R211-717414001-0000,검수,A:새우,새우 와 같게 · 빈 값 보충(같은 품목 중앙값): 당류
1134,커리,19.0,0.51,31.0,457.0,원재료,치커리_잎_생것,R106-178007801-0000,자동,R:치커리_잎_생것,
1137,커피,22.0,0.04,19.0,443.0,원재료,커피_원두_에스프레소_용액,R115-027015326-0000,자동,R:커피_원두_에스프레소_용액,
1139,케일,26.0,0.0,61.0,594.0,원재료,케일_생것,R106-180000001-0000,자동,R:케일_생것,
1140,코다리,111.0,1.06,182.0,283.0,원재료,"명태, 코다리, 반건조, 구운것",R211-107034050-5937,검수,"R:명태, 코다리, 반건조, 구운것",빈 값 보충(같은 품목 중앙값): 당류
1146,코코넛워터,28.5,5.58,,,가공품중앙값,코코넛워터 가공식품 20개 중앙값,,자동,P:코코넛워터,
1148,콜라비,22.0,1.55,43.0,312.0,원재료,콜라비_생것,R106-181000001-0000,자동,R:콜라비_생것,
1149,콩,174.0,1.65,281.0,730.0,원재료,강낭콩_생것,R104-001000001-0000,자동,R:강낭콩_생것,
1150,콩고기,97.0,0.0,158.0,132.0,원재료,두부,P106-000000100-0001,검수,R:두부,
1152,콩비지,51.0,0.5,17.0,133.0,원재료,비지,P116-000070300-0000,검수,R:비지,
1157,크림치즈,340.5,3.03,107.0,132.0,가공품중앙값,크림치즈 가공식품 12개 중앙값,,자동,P:크림치즈,
1159,키위,54.0,7.07,27.0,262.0,원재료,키위_골드_생것,R108-090010001-0000,자동,R:키위_골드_생것,
1163,탄산수,0.0,0.0,0.0,0.0,영양없음,물·얼음 등,,검수,0,
1166,토란,71.0,0.0,55.0,520.0,원재료,토란_생것,R102-017000001-0000,자동,R:토란_생것,
1168,토마토 페이스트,98.0,12.0,98.0,959.0,가공품중앙값,토마토페이스트 가공식품 9개 중앙값,,자동,P:토마토페이스트,
1169,토마토 홀,44.0,5.2,37.0,490.0,원재료,"토마토, 통조림, 퓨레",P116-000070100-0007,검수,A:홀토마토,홀토마토 와 같게
1170,토마토케첩,117.5,20.88,36.0,477.0,가공품중앙값,토마토케첩 가공식품 4개 중앙값,,자동,P:토마토케첩,
1173,토마토페이스트,44.0,5.2,37.0,490.0,원재료,"토마토, 통조림, 퓨레",P116-000070100-0007,검수,"R:토마토, 통조림, 퓨레",
1176,톳,16.0,,32.0,,원재료,"톳,줄기,생것",R112-851015101-0000,자동,"R:톳,줄기,생것",
1186,튀김가루,350.0,1.0,330.0,137.0,가공품중앙값,튀김가루 가공식품 7개 중앙값,,검수,P:튀김가루,
1187,튀김기름,921.0,0.0,0.0,0.0,원재료,콩기름,R114-022000000-0000,검수,R:콩기름,
1188,파래,11.0,0.04,38.0,131.0,원재료,"파래류,파래,줄기,생것",R112-853135101-0000,자동,"R:파래류,파래,줄기,생것",
1189,파래김,316.5,0.0,,,가공품중앙값,파래김 가공식품 4개 중앙값,,자동,P:파래김,
1190,파인애플,53.0,10.92,6.0,113.0,원재료,파인애플_생것,R108-092000001-0000,자동,R:파인애플_생것,
1191,파인애플 통조림,53.0,10.92,6.0,113.0,원재료,파인애플_생것,R108-092000001-0000,검수,A:파인애플,파인애플 와 같게
1193,파인애플주스,47.5,10.49,10.0,146.0,가공품중앙값,파인애플주스 가공식품 12개 중앙값,,자동,P:파인애플주스,
1207,펜네,354.0,1.1,,,가공품중앙값,펜네 가공식품 5개 중앙값,,자동,P:펜네,
1210,포도,60.0,13.74,17.0,176.0,원재료,포도_거봉_생것,R108-098010001-0000,자동,R:포도_거봉_생것,
1213,포도씨유,920.0,0.0,0.0,0.0,원재료,포도씨유,R114-026000000-0000,자동,R:포도씨유,
1214,포도주,84.0,0.96,18.0,71.0,원재료,"포도주, 백포도주, 샤르도네",P115-000010500-0004,자동,"R:포도주, 백포도주, 샤르도네",
1215,포도주스,52.0,10.0,15.0,60.0,가공품중앙값,포도주스 가공식품 5개 중앙값,,검수,P:포도주스,
1217,포항초,35.0,0.0,81.0,666.0,원재료,시금치_포항초_생것,R106-115020001-0000,자동,R:시금치_포항초_생것,
1218,표고버섯가루,370.0,0.3,,,가공품중앙값,표고버섯가루 가공식품 3개 중앙값,,자동,P:표고버섯가루,
1220,푸실리,353.0,3.4,,,가공품중앙값,푸실리 가공식품 13개 중앙값,,자동,P:푸실리,
1221,풋마늘,29.0,4.01,36.0,287.0,원재료,풋마늘_잎줄기_생것,R106-054002801-0000,자동,R:풋마늘_잎줄기_생것,
1222,풋사과,52.0,10.62,10.0,116.0,원재료,사과_생것,R108-050000001-0000,검수,A:사과,사과 와 같게
1223,플레인 요거트,103.0,5.0,135.0,141.0,가공품중앙값,가공식품 28개 중앙값((플레인)?(그릭)?요거트),,검수,A:요거트,요거트 와 같게
1225,플레인요거트,103.0,5.0,135.0,141.0,가공품중앙값,가공식품 28개 중앙값((플레인)?(그릭)?요거트),,검수,A:요거트,요거트 와 같게
1230,피클,137.0,0.0,8.0,44.0,원재료,올리브 피클_초록색,R108-076008300-0000,검수,R:올리브 피클_초록색,
1239,함초,19.0,0.0,21.0,145.0,원재료,퉁퉁마디(함초)_노지_생것,R106-223010001-0000,검수,R:퉁퉁마디(함초)_노지_생것,
1242,해물육수,1.0,0.0,11.0,29.0,원재료,멸치 육수,P113-000050100-0001,검수,R:멸치 육수,
1243,해바라기씨,567.0,0.0,,,가공품중앙값,해바라기씨 가공식품 3개 중앙값,,자동,P:해바라기씨,
1244,해선장,230.0,44.03,21.0,90.0,원재료,해선장,P113-000020400-0038,자동,R:해선장,
1257,현미밥,166.0,0.4,142.0,122.0,원재료,멥쌀밥_현미,R101-013000500-0000,검수,R:멥쌀밥_현미,
1265,호박,45.0,0.84,131.0,627.0,원재료,호박_잎_생것,R106-198007801-0000,자동,R:호박_잎_생것,
1269,호박잎,47.0,0.0,83.0,421.0,원재료,들깨_잎_생것,R106-207007801-0000,검수,A:깻잎,깻잎 와 같게
1270,호부추,30.0,2.86,42.0,396.0,원재료,부추_호부추_생것,R106-091050001-0000,자동,R:부추_호부추_생것,
1271,호상요구르트,103.0,5.0,135.0,141.0,가공품중앙값,가공식품 28개 중앙값((플레인)?(그릭)?요거트),,검수,A:요거트,요거트 와 같게
1275,홀토마토,44.0,5.2,37.0,490.0,원재료,"토마토, 통조림, 퓨레",P116-000070100-0007,검수,"R:토마토, 통조림, 퓨레",
1282,홍합,74.0,0.7,147.0,210.0,원재료,"홍합류,참담치(홍합),육,생것,수입",R211-523074001-5350,검수,"R:홍합류,참담치(홍합),육,생것,수입",
1288,황도,49.0,9.29,20.0,188.0,원재료,복숭아_황도_생것,R108-043080001-0000,자동,R:복숭아_황도_생것,
1289,황설탕,386.0,98.29,0.0,8.0,원재료,설탕_황설탕,R103-011040000-0000,자동,R:설탕_황설탕,
1290,황태,349.0,1.06,764.0,1068.0,원재료,"명태, 황태, 포, 말린것",R211-107034039-1274,검수,"R:명태, 황태, 포, 말린것",빈 값 보충(같은 품목 중앙값): 당류
1293,황태채,349.0,1.06,764.0,1068.0,원재료,"명태, 황태, 포, 말린것",R211-107034039-1274,검수,"R:명태, 황태, 포, 말린것",빈 값 보충(같은 품목 중앙값): 당류
1299,휘핑크림,336.0,3.1,,,가공품중앙값,휘핑크림 가공식품 3개 중앙값,,자동,P:휘핑크림,
1300,흑마늘진액,33.0,5.43,,,가공품중앙값,흑마늘진액 가공식품 5개 중앙값,,자동,P:흑마늘진액,
1301,흑설탕,380.0,92.85,1.0,94.0,원재료,설탕_흑설탕,R103-011050000-0000,자동,R:설탕_흑설탕,
1304,흰다리새우,101.5,0.9,120.5,330.0,원재료,"새우류,흰다리새우,육,생것",R211-717414001-0000,자동,"R:새우류,흰다리새우,육,생것",빈 값 보충(같은 품목 중앙값): 당류
1308,흰살생선,80.0,1.06,202.0,293.0,원재료,"명태,육,생것",R211-107034001-1273,검수,"R:명태,육,생것",빈 값 보충(같은 품목 중앙값): 당류
1396,묵,54.0,0.0,37.0,48.0,원재료,메밀묵_생것,R101-007000001-0000,자동,R:메밀묵_생것,
