pair_id,group_type,small_recipe_id,large_recipe_id,composite_score,ingredient_name,base_amount_g,role,target_amount_g,target_serving_size,per_serving_grams,ratio_actual,predicted_amount_g,ratio_baseline
PAIR_0213,dry_heat,A2106,LS_A0436,0.824264,튀김가루,12.0,조미료,1500.0,100,15.0,1.25,1200.0,1.0
PAIR_0236,dry_heat,A2173,LS_A0477,0.824264,조기,80.0,부재료,11000.0,100,110.0,1.375,8000.0,1.0
PAIR_0240,dry_heat,A1180,LS_A0479,0.824264,식용유,5.0,조미료,400.0,100,4.0,0.8,500.0,1.0
PAIR_0230,dry_heat,A1322,LS_A0459,0.802492,달걀,20.0,부재료,1000.0,100,10.0,0.5,2000.0,1.0
PAIR_0230,dry_heat,A1322,LS_A0459,0.802492,식용유,10.0,조미료,500.0,100,5.0,0.5,1000.0,1.0
PAIR_0134,dry_heat,A2092,LS_A0297,0.796147,오징어,60.0,부재료,10000.0,100,100.0,1.6666666666666667,6000.0,1.0
PAIR_0134,dry_heat,A2092,LS_A0297,0.796147,당근,5.0,부재료,1000.0,100,10.0,2.0,500.0,1.0
PAIR_0134,dry_heat,A2092,LS_A0297,0.796147,양배추,40.0,부재료,4000.0,100,40.0,1.0,4000.0,1.0
PAIR_0134,dry_heat,A2092,LS_A0297,0.796147,양파,10.0,부재료,2000.0,100,20.0,2.0,1000.0,1.0
PAIR_0134,dry_heat,A2092,LS_A0297,0.796147,대파,5.0,부재료,500.0,100,5.0,1.0,500.0,1.0
PAIR_0134,dry_heat,A2092,LS_A0297,0.796147,설탕,1.0,조미료,200.0,100,2.0,2.0,100.0,1.0
PAIR_0134,dry_heat,A2092,LS_A0297,0.796147,마늘,1.0,부재료,200.0,100,2.0,2.0,100.0,1.0
PAIR_0134,dry_heat,A2092,LS_A0297,0.796147,고춧가루,2.0,조미료,400.0,100,4.0,2.0,200.0,1.0
PAIR_0134,dry_heat,A2092,LS_A0297,0.796147,참깨,0.3,부재료,30.0,100,0.3,1.0,30.0,1.0
PAIR_0134,dry_heat,A2092,LS_A0297,0.796147,참기름,1.0,조미료,150.0,100,1.5,1.5,100.0,1.0
PAIR_0210,dry_heat,A1449,LS_A0433,0.78107,튀김가루,20.0,조미료,2000.0,100,20.0,1.0,2000.0,1.0
PAIR_0210,dry_heat,A1449,LS_A0433,0.78107,생강,0.5,부재료,30.0,100,0.3,0.6,50.0,1.0
PAIR_0218,dry_heat,A0103,LS_A0441,0.769697,당근,20.0,부재료,1100.0,100,11.0,0.55,2000.0,1.0
PAIR_0218,dry_heat,A0103,LS_A0441,0.769697,양파,20.0,부재료,2200.0,100,22.0,1.1,2000.0,1.0
PAIR_0218,dry_heat,A0103,LS_A0441,0.769697,소금,0.5,조미료,100.0,100,1.0,2.0,50.0,1.0
PAIR_0218,dry_heat,A0103,LS_A0441,0.769697,밀가루,20.0,조미료,1000.0,100,10.0,0.5,2000.0,1.0
PAIR_0218,dry_heat,A0103,LS_A0441,0.769697,달걀,50.0,부재료,3000.0,100,30.0,0.6,5000.0,1.0
PAIR_0139,dry_heat,A1229,LS_A0301,0.766129,양파,10.0,부재료,1000.0,100,10.0,1.0,1000.0,1.0
PAIR_0139,dry_heat,A1229,LS_A0301,0.766129,청피망,5.0,부재료,500.0,100,5.0,1.0,500.0,1.0
PAIR_0139,dry_heat,A1229,LS_A0301,0.766129,설탕,1.0,조미료,50.0,100,0.5,0.5,100.0,1.0
PAIR_0139,dry_heat,A1229,LS_A0301,0.766129,참깨,0.3,부재료,30.0,100,0.3,1.0,30.0,1.0
PAIR_0216,dry_heat,A1873,LS_A0437,0.755492,빵가루,15.0,조미료,1500.0,100,15.0,1.0,1500.0,1.0
PAIR_0192,dry_heat,A1066,LS_A0408,0.753553,마늘,1.0,부재료,200.0,100,2.0,2.0,100.0,1.0
PAIR_0192,dry_heat,A1066,LS_A0408,0.753553,설탕,1.0,조미료,200.0,100,2.0,2.0,100.0,1.0
PAIR_0241,dry_heat,A2147,LS_A0482,0.74641,식용유,1.0,조미료,200.0,100,2.0,2.0,100.0,1.0
PAIR_0144,dry_heat,A1189,LS_A0302,0.731044,가지,60.0,부재료,8000.0,100,80.0,1.3333333333333333,6000.0,1.0
PAIR_0144,dry_heat,A1189,LS_A0302,0.731044,양파,30.0,부재료,1500.0,100,15.0,0.5,3000.0,1.0
PAIR_0144,dry_heat,A1189,LS_A0302,0.731044,식용유,3.0,조미료,500.0,100,5.0,1.6666666666666667,300.0,1.0
PAIR_0144,dry_heat,A1189,LS_A0302,0.731044,참깨,0.5,부재료,70.0,100,0.7,1.4,50.0,1.0
PAIR_0131,dry_heat,A1665,LS_A0296,0.722116,설탕,1.0,조미료,200.0,100,2.0,2.0,100.0,1.0
PAIR_0131,dry_heat,A1665,LS_A0296,0.722116,마늘,1.0,부재료,80.0,100,0.8,0.8,100.0,1.0
PAIR_0131,dry_heat,A1665,LS_A0296,0.722116,생강,0.5,부재료,30.0,100,0.3,0.6,50.0,1.0
PAIR_0131,dry_heat,A1665,LS_A0296,0.722116,진간장,3.0,양념,200.0,100,2.0,0.6666666666666666,300.0,1.0
PAIR_0131,dry_heat,A1665,LS_A0296,0.722116,식용유,1.0,조미료,200.0,100,2.0,2.0,100.0,1.0
PAIR_0149,dry_heat,A1400,LS_A0311,0.718198,느타리버섯,40.0,부재료,5000.0,100,50.0,1.25,4000.0,1.0
PAIR_0149,dry_heat,A1400,LS_A0311,0.718198,당근,10.0,부재료,1000.0,100,10.0,1.0,1000.0,1.0
PAIR_0149,dry_heat,A1400,LS_A0311,0.718198,식용유,5.0,조미료,500.0,100,5.0,1.0,500.0,1.0
PAIR_0221,dry_heat,A1037,LS_A0447,0.705674,식용유,10.0,조미료,2000.0,100,20.0,2.0,1000.0,1.0
PAIR_0075,moist_heat,A1388,LS_A0233,0.907093,멸치,2.0,부재료,300.0,100,3.0,1.5,200.0,1.0
PAIR_0075,moist_heat,A1388,LS_A0233,0.907093,마늘,1.0,부재료,100.0,100,1.0,1.0,100.0,1.0
PAIR_0208,moist_heat,A2037,LS_A0430,0.805195,연근,35.0,부재료,2000.0,100,20.0,0.5714285714285714,3500.0,1.0
PAIR_0208,moist_heat,A2037,LS_A0430,0.805195,설탕,1.0,조미료,150.0,100,1.5,1.5,100.0,1.0
PAIR_0208,moist_heat,A2037,LS_A0430,0.805195,참기름,1.0,조미료,50.0,100,0.5,0.5,100.0,1.0
PAIR_0253,moist_heat,A2037,LS_A0546,0.800892,연근,35.0,부재료,6000.0,100,60.0,1.7142857142857142,3500.0,1.0
PAIR_0253,moist_heat,A2037,LS_A0546,0.800892,연근,35.0,부재료,6000.0,100,60.0,1.7142857142857142,3500.0,1.0
PAIR_0253,moist_heat,A2037,LS_A0546,0.800892,참깨,0.3,부재료,50.0,100,0.5,1.6666666666666667,30.0,1.0
PAIR_0253,moist_heat,A2037,LS_A0546,0.800892,참깨,0.3,부재료,50.0,100,0.5,1.6666666666666667,30.0,1.0
PAIR_0253,moist_heat,A2037,LS_A0546,0.800892,참기름,1.0,조미료,100.0,100,1.0,1.0,100.0,1.0
PAIR_0253,moist_heat,A2037,LS_A0546,0.800892,참기름,1.0,조미료,100.0,100,1.0,1.0,100.0,1.0
PAIR_0125,moist_heat,A1545,LS_A0283,0.800454,두부,20.0,부재료,3000.0,100,30.0,1.5,2000.0,1.0
PAIR_0125,moist_heat,A1545,LS_A0283,0.800454,마늘,1.0,부재료,200.0,100,2.0,2.0,100.0,1.0
PAIR_0251,moist_heat,A1847,LS_A0540,0.8,삼치,70.0,부재료,10000.0,100,100.0,1.4285714285714286,7000.0,1.0
PAIR_0251,moist_heat,A1847,LS_A0540,0.8,삼치,70.0,부재료,10000.0,100,100.0,1.4285714285714286,7000.0,1.0
PAIR_0251,moist_heat,A1847,LS_A0540,0.8,무,30.0,부재료,5000.0,100,50.0,1.6666666666666667,3000.0,1.0
PAIR_0251,moist_heat,A1847,LS_A0540,0.8,무,30.0,부재료,5000.0,100,50.0,1.6666666666666667,3000.0,1.0
PAIR_0083,moist_heat,A2266,LS_A0238,0.793495,콩나물,30.0,조미료,3000.0,100,30.0,1.0,3000.0,1.0
PAIR_0083,moist_heat,A2266,LS_A0238,0.793495,김치,40.0,부재료,4000.0,100,40.0,1.0,4000.0,1.0
PAIR_0083,moist_heat,A2266,LS_A0238,0.793495,마늘,5.0,부재료,300.0,100,3.0,0.6,500.0,1.0
PAIR_0255,moist_heat,A2129,LS_A0549,0.792792,물엿,3.0,조미료,500.0,100,5.0,1.6666666666666667,300.0,1.0
PAIR_0255,moist_heat,A2129,LS_A0549,0.792792,물엿,3.0,조미료,500.0,100,5.0,1.6666666666666667,300.0,1.0
PAIR_0095,moist_heat,A1542,LS_A0255,0.779221,두부,15.0,부재료,2000.0,100,20.0,1.3333333333333333,1500.0,1.0
PAIR_0095,moist_heat,A1542,LS_A0255,0.779221,무,15.0,부재료,3000.0,100,30.0,2.0,1500.0,1.0
PAIR_0017,moist_heat,A0304,LS_A0079,0.772635,미나리,15.0,부재료,1000.0,100,10.0,0.6666666666666666,1500.0,1.0
PAIR_0017,moist_heat,A0304,LS_A0079,0.772635,홍고추,1.0,부재료,200.0,100,2.0,2.0,100.0,1.0
PAIR_0017,moist_heat,A0304,LS_A0079,0.772635,콩나물,25.0,조미료,1500.0,100,15.0,0.6,2500.0,1.0
PAIR_0017,moist_heat,A0304,LS_A0079,0.772635,건다시마,1.0,조미료,100.0,100,1.0,1.0,100.0,1.0
PAIR_0017,moist_heat,A0304,LS_A0079,0.772635,무,30.0,부재료,1500.0,100,15.0,0.5,3000.0,1.0
PAIR_0017,moist_heat,A0304,LS_A0079,0.772635,물,500.0,조미료,30000.0,100,300.0,0.6,50000.0,1.0
PAIR_0047,moist_heat,A0687,LS_A0215,0.76291,참기름,1.0,조미료,200.0,100,2.0,2.0,100.0,1.0
PAIR_0047,moist_heat,A0687,LS_A0215,0.76291,국간장,2.0,양념,200.0,100,2.0,1.0,200.0,1.0
PAIR_0047,moist_heat,A0687,LS_A0215,0.76291,물,300.0,조미료,30000.0,100,300.0,1.0,30000.0,1.0
PAIR_0086,moist_heat,A1390,LS_A0241,0.753009,냉이,30.0,부재료,2000.0,100,20.0,0.6666666666666666,3000.0,1.0
PAIR_0086,moist_heat,A1390,LS_A0241,0.753009,마늘,1.0,부재료,100.0,100,1.0,1.0,100.0,1.0
PAIR_0086,moist_heat,A1390,LS_A0241,0.753009,된장,10.0,양념,1500.0,100,15.0,1.5,1000.0,1.0
PAIR_0055,moist_heat,A1798,LS_A0216,0.74641,달걀,20.0,부재료,2000.0,100,20.0,1.0,2000.0,1.0
PAIR_0071,moist_heat,A1938,LS_A0230,0.74641,시금치,70.0,부재료,6000.0,100,60.0,0.8571428571428571,7000.0,1.0
PAIR_0071,moist_heat,A1938,LS_A0230,0.74641,된장,10.0,양념,900.0,100,9.0,0.9,1000.0,1.0
PAIR_0245,moist_heat,A1586,LS_A0519,0.744264,두부,80.0,부재료,15000.0,100,150.0,1.875,8000.0,1.0
PAIR_0245,moist_heat,A1586,LS_A0519,0.744264,두부,80.0,부재료,15000.0,100,150.0,1.875,8000.0,1.0
PAIR_0102,moist_heat,A1838,LS_A0265,0.73541,대추,5.0,부재료,1000.0,100,10.0,2.0,500.0,1.0
PAIR_0250,moist_heat,A1181,LS_A0534,0.722205,무,40.0,부재료,7000.0,100,70.0,1.75,4000.0,1.0
PAIR_0250,moist_heat,A1181,LS_A0534,0.722205,무,40.0,부재료,7000.0,100,70.0,1.75,4000.0,1.0
PAIR_0250,moist_heat,A1181,LS_A0534,0.722205,생강,0.5,부재료,50.0,100,0.5,1.0,50.0,1.0
PAIR_0250,moist_heat,A1181,LS_A0534,0.722205,생강,0.5,부재료,50.0,100,0.5,1.0,50.0,1.0
PAIR_0250,moist_heat,A1181,LS_A0534,0.722205,청주,1.0,부재료,100.0,100,1.0,1.0,100.0,1.0
PAIR_0250,moist_heat,A1181,LS_A0534,0.722205,청주,1.0,부재료,100.0,100,1.0,1.0,100.0,1.0
PAIR_0105,moist_heat,A1504,LS_A0266,0.721396,두부,20.0,부재료,3000.0,100,30.0,1.5,2000.0,1.0
PAIR_0105,moist_heat,A1504,LS_A0266,0.721396,양파,5.0,부재료,1000.0,100,10.0,2.0,500.0,1.0
PAIR_0105,moist_heat,A1504,LS_A0266,0.721396,대파,5.0,부재료,400.0,100,4.0,0.8,500.0,1.0
PAIR_0105,moist_heat,A1504,LS_A0266,0.721396,마늘,1.0,부재료,100.0,100,1.0,1.0,100.0,1.0
PAIR_0105,moist_heat,A1504,LS_A0266,0.721396,고춧가루,1.0,조미료,200.0,100,2.0,2.0,100.0,1.0
PAIR_0077,moist_heat,A1328,LS_A0234,0.720713,근대,40.0,부재료,7000.0,100,70.0,1.75,4000.0,1.0
PAIR_0077,moist_heat,A1328,LS_A0234,0.720713,된장,10.0,양념,1000.0,100,10.0,1.0,1000.0,1.0
PAIR_0116,moist_heat,A2357,LS_A0276,0.72,호박,30.0,부재료,4000.0,100,40.0,1.3333333333333333,3000.0,1.0
PAIR_0116,moist_heat,A2357,LS_A0276,0.72,된장,15.0,양념,1500.0,100,15.0,1.0,1500.0,1.0
PAIR_0116,moist_heat,A2357,LS_A0276,0.72,마늘,1.0,부재료,200.0,100,2.0,2.0,100.0,1.0
PAIR_0019,moist_heat,A0847,LS_A0081,0.719801,대파,10.0,부재료,675.0,100,6.75,0.675,1000.0,1.0
PAIR_0019,moist_heat,A0847,LS_A0081,0.719801,마늘,3.0,부재료,330.0,100,3.3,1.1,300.0,1.0
PAIR_0019,moist_heat,A0847,LS_A0081,0.719801,대파,5.0,부재료,675.0,100,6.75,1.35,500.0,1.0
PAIR_0019,moist_heat,A0847,LS_A0081,0.719801,마늘,2.0,부재료,330.0,100,3.3,1.65,200.0,1.0
PAIR_0019,moist_heat,A0847,LS_A0081,0.719801,물,600.0,조미료,50000.0,100,500.0,0.8333333333333334,60000.0,1.0
PAIR_0099,moist_heat,A0847,LS_A0262,0.719801,대파,10.0,부재료,600.0,100,6.0,0.6,1000.0,1.0
PAIR_0099,moist_heat,A0847,LS_A0262,0.719801,마늘,3.0,부재료,300.0,100,3.0,1.0,300.0,1.0
PAIR_0099,moist_heat,A0847,LS_A0262,0.719801,대파,5.0,부재료,600.0,100,6.0,1.2,500.0,1.0
PAIR_0099,moist_heat,A0847,LS_A0262,0.719801,마늘,2.0,부재료,300.0,100,3.0,1.5,200.0,1.0
PAIR_0099,moist_heat,A0847,LS_A0262,0.719801,물,600.0,조미료,45000.0,100,450.0,0.75,60000.0,1.0
PAIR_0023,moist_heat,A1281,LS_A0098,0.71719,고등어,60.0,부재료,11000.0,120,91.66666666666667,1.5277777777777777,7200.0,1.0
PAIR_0023,moist_heat,A1281,LS_A0098,0.71719,무,40.0,부재료,6700.0,120,55.833333333333336,1.3958333333333333,4800.0,1.0
PAIR_0023,moist_heat,A1281,LS_A0098,0.71719,생강,0.5,부재료,70.0,120,0.5833333333333334,1.1666666666666667,60.0,1.0
PAIR_0023,moist_heat,A1281,LS_A0098,0.71719,대파,5.0,부재료,500.0,120,4.166666666666667,0.8333333333333334,600.0,1.0
PAIR_0042,moist_heat,Y0017,LS_A0184,0.717095,감자,50.0,부재료,4000.0,100,40.0,0.8,5000.0,1.0
PAIR_0042,moist_heat,Y0017,LS_A0184,0.717095,당근,10.0,부재료,2000.0,100,20.0,2.0,1000.0,1.0
PAIR_0042,moist_heat,Y0017,LS_A0184,0.717095,식용유,5.0,조미료,1000.0,100,10.0,2.0,500.0,1.0
PAIR_0067,moist_heat,A2140,LS_A0227,0.717095,두부,35.0,부재료,5000.0,100,50.0,1.4285714285714286,3500.0,1.0
PAIR_0067,moist_heat,A2140,LS_A0227,0.717095,마늘,1.0,부재료,100.0,100,1.0,1.0,100.0,1.0
PAIR_0067,moist_heat,A2140,LS_A0227,0.717095,유부,7.0,부재료,500.0,100,5.0,0.7142857142857143,700.0,1.0
PAIR_0067,moist_heat,A2140,LS_A0227,0.717095,다시마,1.0,부재료,200.0,100,2.0,2.0,100.0,1.0
PAIR_0065,moist_heat,A0740,LS_A0224,0.706883,굴,20.0,주재료,3000.0,100,30.0,1.5,2000.0,1.0
PAIR_0065,moist_heat,A0740,LS_A0224,0.706883,마늘,1.0,부재료,150.0,100,1.5,1.5,100.0,1.0
PAIR_0170,moist_heat,A1650,LS_A0346,0.704256,다시마,1.0,부재료,100.0,100,1.0,1.0,100.0,1.0
PAIR_0170,moist_heat,A1650,LS_A0346,0.704256,멸치,2.0,부재료,120.0,100,1.2,0.6,200.0,1.0
PAIR_0121,moist_heat,A2231,LS_A0278,0.701511,청국장,10.0,부재료,2000.0,100,20.0,2.0,1000.0,1.0
PAIR_0073,moist_heat,A1977,LS_A0232,0.7,아욱,40.0,부재료,7000.0,100,70.0,1.75,4000.0,1.0
PAIR_0110,moist_heat,A1931,LS_A0270,0.7,고춧가루,1.0,조미료,200.0,100,2.0,2.0,100.0,1.0
PAIR_0188,no_heat,A1966,LS_A0385,0.853557,마늘,2.0,부재료,100.0,100,1.0,0.5,200.0,1.0
PAIR_0188,no_heat,A1966,LS_A0385,0.853557,소금,1.0,조미료,50.0,100,0.5,0.5,100.0,1.0
PAIR_0160,no_heat,A1376,LS_A0328,0.783761,마늘,1.0,부재료,80.0,100,0.8,0.8,100.0,1.0
PAIR_0160,no_heat,A1376,LS_A0328,0.783761,생강,0.5,부재료,30.0,100,0.3,0.6,50.0,1.0
PAIR_0029,no_heat,A1350,LS_A0117,0.779473,당근,3.0,부재료,200.0,100,2.0,0.6666666666666666,300.0,1.0
PAIR_0029,no_heat,A1350,LS_A0117,0.779473,고춧가루,2.0,조미료,100.0,100,1.0,0.5,200.0,1.0
PAIR_0029,no_heat,A1350,LS_A0117,0.779473,참기름,1.0,조미료,50.0,100,0.5,0.5,100.0,1.0
PAIR_0031,no_heat,A1470,LS_A0134,0.752807,사과,30.0,부재료,2000.0,120,16.666666666666668,0.5555555555555556,3600.0,1.0
PAIR_0031,no_heat,A1470,LS_A0134,0.752807,식초,1.0,부재료,100.0,120,0.8333333333333334,0.8333333333333334,120.0,1.0
PAIR_0031,no_heat,A1470,LS_A0134,0.752807,설탕,2.0,조미료,200.0,120,1.6666666666666667,0.8333333333333334,240.0,1.0
PAIR_0162,no_heat,A1432,LS_A0330,0.744264,설탕,1.0,조미료,100.0,100,1.0,1.0,100.0,1.0
PAIR_0162,no_heat,A1432,LS_A0330,0.744264,고춧가루,1.0,조미료,100.0,100,1.0,1.0,100.0,1.0
PAIR_0162,no_heat,A1432,LS_A0330,0.744264,고추장,2.0,양념,200.0,100,2.0,1.0,200.0,1.0
PAIR_0162,no_heat,A1432,LS_A0330,0.744264,식초,1.0,부재료,200.0,100,2.0,2.0,100.0,1.0
PAIR_0201,no_heat,A2300,LS_A0424,0.726599,고춧가루,2.0,조미료,200.0,100,2.0,1.0,200.0,1.0
PAIR_0201,no_heat,A2300,LS_A0424,0.726599,마늘,1.0,부재료,80.0,100,0.8,0.8,100.0,1.0
PAIR_0201,no_heat,A2300,LS_A0424,0.726599,생강,0.5,부재료,40.0,100,0.4,0.8,50.0,1.0
PAIR_0184,no_heat,A1940,LS_A0383,0.718198,마늘,1.0,부재료,200.0,100,2.0,2.0,100.0,1.0
PAIR_0166,no_heat,A1624,LS_A0344,0.709642,물엿,2.0,조미료,400.0,100,4.0,2.0,200.0,1.0
PAIR_0166,no_heat,A1624,LS_A0344,0.709642,마늘,1.0,부재료,100.0,100,1.0,1.0,100.0,1.0
PAIR_0166,no_heat,A1624,LS_A0344,0.709642,고추장,5.0,양념,500.0,100,5.0,1.0,500.0,1.0
PAIR_0166,no_heat,A1624,LS_A0344,0.709642,참기름,1.0,조미료,100.0,100,1.0,1.0,100.0,1.0
PAIR_0166,no_heat,A1624,LS_A0344,0.709642,설탕,1.0,조미료,150.0,100,1.5,1.5,100.0,1.0
PAIR_0165,no_heat,A1480,LS_A0337,0.702857,설탕,0.5,조미료,50.0,100,0.5,1.0,50.0,1.0
PAIR_0165,no_heat,A1480,LS_A0337,0.702857,마늘,1.0,부재료,100.0,100,1.0,1.0,100.0,1.0
PAIR_0165,no_heat,A1480,LS_A0337,0.702857,고춧가루,1.0,조미료,50.0,100,0.5,0.5,100.0,1.0
PAIR_0165,no_heat,A1480,LS_A0337,0.702857,참기름,1.0,조미료,100.0,100,1.0,1.0,100.0,1.0
PAIR_0222,dry_heat,A1320,LS_A0450,0.696411,달걀,10.0,부재료,1200.0,100,12.0,1.2,1000.0,1.0
PAIR_0222,dry_heat,A1320,LS_A0450,0.696411,부침가루,15.0,조미료,1000.0,100,10.0,0.6666666666666666,1500.0,1.0
PAIR_0137,dry_heat,A1377,LS_A0298,0.684605,낙지,60.0,부재료,10000.0,100,100.0,1.6666666666666667,6000.0,1.0
PAIR_0137,dry_heat,A1377,LS_A0298,0.684605,양파,10.0,부재료,2000.0,100,20.0,2.0,1000.0,1.0
PAIR_0036,dry_heat,A1502,LS_A0171,0.683333,쌀,90.0,부재료,10000.0,100,100.0,1.1111111111111112,9000.0,1.0
PAIR_0036,dry_heat,A1502,LS_A0171,0.683333,마늘,1.0,부재료,150.0,100,1.5,1.5,100.0,1.0
PAIR_0036,dry_heat,A1502,LS_A0171,0.683333,참깨,0.5,부재료,100.0,100,1.0,2.0,50.0,1.0
PAIR_0036,dry_heat,A1502,LS_A0171,0.683333,양파,20.0,부재료,2000.0,100,20.0,1.0,2000.0,1.0
PAIR_0036,dry_heat,A1502,LS_A0171,0.683333,당근,10.0,부재료,1000.0,100,10.0,1.0,1000.0,1.0
PAIR_0232,dry_heat,A1543,LS_A0460,0.682843,밀가루,5.0,조미료,500.0,100,5.0,1.0,500.0,1.0
PAIR_0038,dry_heat,A1907,LS_A0173,0.671347,마늘,1.0,부재료,200.0,100,2.0,2.0,100.0,1.0
PAIR_0038,dry_heat,A1907,LS_A0173,0.671347,당근,5.0,부재료,1000.0,100,10.0,2.0,500.0,1.0
PAIR_0038,dry_heat,A1907,LS_A0173,0.671347,양파,10.0,부재료,2000.0,100,20.0,2.0,1000.0,1.0
PAIR_0002,dry_heat,A2166,LS_A0036,0.667261,고추장,10.0,양념,1000.0,100,10.0,1.0,1000.0,1.0
PAIR_0002,dry_heat,A2166,LS_A0036,0.667261,양파,10.0,부재료,2000.0,100,20.0,2.0,1000.0,1.0
PAIR_0002,dry_heat,A2166,LS_A0036,0.667261,물엿,2.0,조미료,300.0,100,3.0,1.5,200.0,1.0
PAIR_0235,dry_heat,O0008,LS_A0469,0.666473,대파,10.0,부재료,1000.0,100,10.0,1.0,1000.0,1.0
PAIR_0235,dry_heat,O0008,LS_A0469,0.666473,참기름,2.0,조미료,200.0,100,2.0,1.0,200.0,1.0
PAIR_0003,dry_heat,A1189,LS_A0041,0.66641,가지,60.0,부재료,21000.0,300,70.0,1.1666666666666667,18000.0,1.0
PAIR_0225,dry_heat,A1224,LS_A0454,0.661861,감자,60.0,부재료,5000.0,100,50.0,0.8333333333333334,6000.0,1.0
PAIR_0225,dry_heat,A1224,LS_A0454,0.661861,식용유,5.0,조미료,500.0,100,5.0,1.0,500.0,1.0
PAIR_0146,dry_heat,A1511,LS_A0305,0.654047,진간장,3.0,양념,500.0,100,5.0,1.6666666666666667,300.0,1.0
PAIR_0146,dry_heat,A1511,LS_A0305,0.654047,참깨,0.3,부재료,50.0,100,0.5,1.6666666666666667,30.0,1.0
PAIR_0146,dry_heat,A1511,LS_A0305,0.654047,참기름,1.0,조미료,100.0,100,1.0,1.0,100.0,1.0
PAIR_0176,dry_heat,A0468,LS_A0352,0.648787,소금,0.3,조미료,60.0,100,0.6,2.0,30.0,1.0
PAIR_0129,dry_heat,A0887,LS_A0291,0.641814,식용유,2.0,조미료,200.0,100,2.0,1.0,200.0,1.0
PAIR_0157,dry_heat,A1033,LS_A0320,0.641209,소금,0.4,조미료,50.0,100,0.5,1.25,40.0,1.0
PAIR_0157,dry_heat,A1033,LS_A0320,0.641209,후춧가루,0.1,조미료,20.0,100,0.2,2.0,10.0,1.0
PAIR_0005,dry_heat,A1844,LS_A0059,0.637319,삼치,70.0,부재료,8000.0,100,80.0,1.1428571428571428,7000.0,1.0
PAIR_0001,dry_heat,A0854,LS_A0016,0.630461,간장,5.0,양념,500.0,100,5.0,1.0,500.0,1.0
PAIR_0238,dry_heat,A0110,LS_A0478,0.624256,삼치,150.0,주재료,10000.0,100,100.0,0.6666666666666666,15000.0,1.0
PAIR_0238,dry_heat,A0110,LS_A0478,0.624256,식용유,10.0,조미료,800.0,100,8.0,0.8,1000.0,1.0
PAIR_0154,dry_heat,A2113,LS_A0315,0.62022,배추김치,50.0,부재료,6000.0,100,60.0,1.2,5000.0,1.0
PAIR_0154,dry_heat,A2113,LS_A0315,0.62022,두부,70.0,부재료,10000.0,100,100.0,1.4285714285714286,7000.0,1.0
PAIR_0154,dry_heat,A2113,LS_A0315,0.62022,참기름,1.0,조미료,200.0,100,2.0,2.0,100.0,1.0
PAIR_0034,dry_heat,A2027,LS_A0169,0.619543,당근,5.0,부재료,1000.0,100,10.0,2.0,500.0,1.0
PAIR_0034,dry_heat,A2027,LS_A0169,0.619543,양파,10.0,부재료,2000.0,100,20.0,2.0,1000.0,1.0
PAIR_0034,dry_heat,A2027,LS_A0169,0.619543,마늘,1.0,부재료,70.0,100,0.7,0.7,100.0,1.0
PAIR_0034,dry_heat,A2027,LS_A0169,0.619543,후춧가루,0.01,조미료,2.0,100,0.02,2.0,1.0,1.0
PAIR_0229,dry_heat,A0535,LS_A0457,0.619543,달걀,50.0,주재료,7500.0,100,75.0,1.5,5000.0,1.0
PAIR_0229,dry_heat,A0535,LS_A0457,0.619543,소금,0.3,조미료,50.0,100,0.5,1.6666666666666667,30.0,1.0
PAIR_0212,dry_heat,A1440,LS_A0434,0.619089,생강,0.5,부재료,50.0,100,0.5,1.0,50.0,1.0
PAIR_0153,dry_heat,A1427,LS_A0313,0.613577,부추,10.0,부재료,2000.0,100,20.0,2.0,1000.0,1.0
PAIR_0153,dry_heat,A1427,LS_A0313,0.613577,달걀,52.0,부재료,8250.0,100,82.5,1.5865384615384615,5200.0,1.0
PAIR_0234,dry_heat,A2115,LS_A0463,0.612132,두부,30.0,부재료,3000.0,100,30.0,1.0,3000.0,1.0
PAIR_0234,dry_heat,A2115,LS_A0463,0.612132,식용유,5.0,조미료,500.0,100,5.0,1.0,500.0,1.0
PAIR_0224,dry_heat,A2209,LS_A0453,0.604256,깻잎,5.0,부재료,500.0,100,5.0,1.0,500.0,1.0
PAIR_0224,dry_heat,A2209,LS_A0453,0.604256,달걀,5.0,부재료,1000.0,100,10.0,2.0,500.0,1.0
PAIR_0148,dry_heat,A1490,LS_A0307,0.603925,가지,60.0,부재료,6500.0,100,65.0,1.0833333333333333,6000.0,1.0
PAIR_0130,dry_heat,O0008,LS_A0293,0.601814,당근,5.0,부재료,700.0,100,7.0,1.4,500.0,1.0
PAIR_0130,dry_heat,O0008,LS_A0293,0.601814,식용유,3.0,조미료,300.0,100,3.0,1.0,300.0,1.0
PAIR_0041,dry_heat,A1066,LS_A0174,0.6,당면,20.0,부재료,4000.0,100,40.0,2.0,2000.0,1.0
PAIR_0041,dry_heat,A1066,LS_A0174,0.6,당근,5.0,부재료,500.0,100,5.0,1.0,500.0,1.0
PAIR_0041,dry_heat,A1066,LS_A0174,0.6,양파,10.0,부재료,1000.0,100,10.0,1.0,1000.0,1.0
PAIR_0041,dry_heat,A1066,LS_A0174,0.6,설탕,5.0,조미료,350.0,100,3.5,0.7,500.0,1.0
PAIR_0041,dry_heat,A1066,LS_A0174,0.6,마늘,1.0,부재료,100.0,100,1.0,1.0,100.0,1.0
PAIR_0041,dry_heat,A1066,LS_A0174,0.6,참기름,2.0,조미료,100.0,100,1.0,0.5,200.0,1.0
PAIR_0249,moist_heat,A1373,LS_A0531,0.697184,꽈리고추,17.0,부재료,3000.0,100,30.0,1.7647058823529411,1700.0,1.0
PAIR_0249,moist_heat,A1373,LS_A0531,0.697184,꽈리고추,17.0,부재료,3000.0,100,30.0,1.7647058823529411,1700.0,1.0
PAIR_0249,moist_heat,A1373,LS_A0531,0.697184,멸치,5.0,부재료,1000.0,100,10.0,2.0,500.0,1.0
PAIR_0249,moist_heat,A1373,LS_A0531,0.697184,멸치,5.0,부재료,1000.0,100,10.0,2.0,500.0,1.0
PAIR_0078,moist_heat,A1951,LS_A0235,0.690328,된장,15.0,양념,1500.0,100,15.0,1.0,1500.0,1.0
PAIR_0258,moist_heat,A1737,LS_A0552,0.684605,미트볼,60.0,부재료,6000.0,100,60.0,1.0,6000.0,1.0
PAIR_0258,moist_heat,A1737,LS_A0552,0.684605,미트볼,60.0,부재료,6000.0,100,60.0,1.0,6000.0,1.0
PAIR_0258,moist_heat,A1737,LS_A0552,0.684605,양파,10.0,부재료,1500.0,100,15.0,1.5,1000.0,1.0
PAIR_0258,moist_heat,A1737,LS_A0552,0.684605,양파,10.0,부재료,1500.0,100,15.0,1.5,1000.0,1.0
PAIR_0068,moist_heat,A0014,LS_A0229,0.679473,배추,120.0,주재료,7000.0,100,70.0,0.5833333333333334,12000.0,1.0
PAIR_0068,moist_heat,A0014,LS_A0229,0.679473,된장,7.0,조미료,1000.0,100,10.0,1.4285714285714286,700.0,1.0
PAIR_0006,moist_heat,A2267,LS_A0066,0.678207,콩나물,40.0,조미료,5000.0,100,50.0,1.25,4000.0,1.0
PAIR_0006,moist_heat,A2267,LS_A0066,0.678207,다시마,1.0,부재료,200.0,100,2.0,2.0,100.0,1.0
PAIR_0106,moist_heat,A1237,LS_A0267,0.677771,두부,30.0,부재료,3000.0,100,30.0,1.0,3000.0,1.0
PAIR_0106,moist_heat,A1237,LS_A0267,0.677771,양파,10.0,부재료,2000.0,100,20.0,2.0,1000.0,1.0
PAIR_0106,moist_heat,A1237,LS_A0267,0.677771,대파,5.0,부재료,500.0,100,5.0,1.0,500.0,1.0
PAIR_0106,moist_heat,A1237,LS_A0267,0.677771,마늘,1.0,부재료,150.0,100,1.5,1.5,100.0,1.0
PAIR_0106,moist_heat,A1237,LS_A0267,0.677771,생강,0.5,부재료,30.0,100,0.3,0.6,50.0,1.0
PAIR_0106,moist_heat,A1237,LS_A0267,0.677771,고춧가루,1.0,조미료,150.0,100,1.5,1.5,100.0,1.0
PAIR_0106,moist_heat,A1237,LS_A0267,0.677771,된장,30.0,양념,2400.0,100,24.0,0.8,3000.0,1.0
PAIR_0084,moist_heat,A1721,LS_A0239,0.674915,실파,2.0,부재료,200.0,100,2.0,1.0,200.0,1.0
PAIR_0084,moist_heat,A1721,LS_A0239,0.674915,두부,30.0,부재료,2000.0,100,20.0,0.6666666666666666,3000.0,1.0
PAIR_0084,moist_heat,A1721,LS_A0239,0.674915,다시마,1.0,부재료,100.0,100,1.0,1.0,100.0,1.0
PAIR_0092,moist_heat,A1462,LS_A0253,0.674915,무,30.0,부재료,4000.0,100,40.0,1.3333333333333333,3000.0,1.0
PAIR_0092,moist_heat,A1462,LS_A0253,0.674915,콩나물,20.0,조미료,2000.0,100,20.0,1.0,2000.0,1.0
PAIR_0182,moist_heat,A1814,LS_A0368,0.671746,당근,10.0,부재료,500.0,100,5.0,0.5,1000.0,1.0
PAIR_0016,moist_heat,A1951,LS_A0067,0.668874,대파,5.0,부재료,310.0,100,3.1,0.62,500.0,1.0
PAIR_0016,moist_heat,A1951,LS_A0067,0.668874,다시마,1.0,부재료,160.0,100,1.6,1.6,100.0,1.0
PAIR_0091,moist_heat,A1610,LS_A0245,0.668328,대파,5.0,부재료,400.0,100,4.0,0.8,500.0,1.0
PAIR_0091,moist_heat,A1610,LS_A0245,0.668328,달걀,15.0,부재료,1650.0,100,16.5,1.1,1500.0,1.0
PAIR_0091,moist_heat,A1610,LS_A0245,0.668328,국간장,1.0,양념,100.0,100,1.0,1.0,100.0,1.0
PAIR_0260,moist_heat,T0002,LS_E0012,0.666261,두부,15.0,부재료,800.0,100,8.0,0.5333333333333333,1500.0,1.0
PAIR_0260,moist_heat,T0002,LS_E0012,0.666261,마늘,0.5,부재료,40.0,100,0.4,0.8,50.0,1.0
PAIR_0260,moist_heat,T0002,LS_E0012,0.666261,멸치,1.5,부재료,100.0,100,1.0,0.6666666666666666,150.0,1.0
PAIR_0260,moist_heat,T0002,LS_E0012,0.666261,다시마,1.5,부재료,100.0,100,1.0,0.6666666666666666,150.0,1.0
PAIR_0109,moist_heat,A1299,LS_A0269,0.66066,양파,10.0,부재료,1000.0,100,10.0,1.0,1000.0,1.0
PAIR_0109,moist_heat,A1299,LS_A0269,0.66066,고추장,7.0,양념,1200.0,100,12.0,1.7142857142857142,700.0,1.0
PAIR_0109,moist_heat,A1299,LS_A0269,0.66066,대파,5.0,부재료,700.0,100,7.0,1.4,500.0,1.0
PAIR_0059,moist_heat,O0014,LS_A0218,0.660168,콩나물,50.0,주재료,5000.0,100,50.0,1.0,5000.0,1.0
PAIR_0059,moist_heat,O0014,LS_A0218,0.660168,마늘,1.0,조미료,100.0,100,1.0,1.0,100.0,1.0
PAIR_0098,moist_heat,A0304,LS_A0260,0.657927,미나리,15.0,부재료,1000.0,100,10.0,0.6666666666666666,1500.0,1.0
PAIR_0098,moist_heat,A0304,LS_A0260,0.657927,홍고추,1.0,부재료,200.0,100,2.0,2.0,100.0,1.0
PAIR_0098,moist_heat,A0304,LS_A0260,0.657927,콩나물,25.0,조미료,2000.0,100,20.0,0.8,2500.0,1.0
PAIR_0098,moist_heat,A0304,LS_A0260,0.657927,무,30.0,부재료,3000.0,100,30.0,1.0,3000.0,1.0
PAIR_0098,moist_heat,A0304,LS_A0260,0.657927,물,500.0,조미료,32000.0,100,320.0,0.64,50000.0,1.0
PAIR_0044,moist_heat,Y0003,LS_A0207,0.654975,우유,8.0,부재료,600.0,100,6.0,0.75,800.0,1.0
PAIR_0101,moist_heat,A1304,LS_A0264,0.651588,마늘,1.0,부재료,200.0,100,2.0,2.0,100.0,1.0
PAIR_0101,moist_heat,A1304,LS_A0264,0.651588,생강,1.0,부재료,50.0,100,0.5,0.5,100.0,1.0
PAIR_0101,moist_heat,A1304,LS_A0264,0.651588,대파,5.0,부재료,300.0,100,3.0,0.6,500.0,1.0
PAIR_0101,moist_heat,A1304,LS_A0264,0.651588,양파,10.0,부재료,1000.0,100,10.0,1.0,1000.0,1.0
PAIR_0025,moist_heat,A1659,LS_A0104,0.65,깻잎,10.0,부재료,630.0,100,6.3,0.63,1000.0,1.0
PAIR_0058,moist_heat,A2296,LS_A0217,0.64614,토란,50.0,부재료,7000.0,100,70.0,1.4,5000.0,1.0
PAIR_0114,moist_heat,A1969,LS_A0271,0.64614,쑥,30.0,부재료,4000.0,100,40.0,1.3333333333333333,3000.0,1.0
PAIR_0122,moist_heat,A1556,LS_A0279,0.642446,대파,10.0,부재료,2000.0,100,20.0,2.0,1000.0,1.0
PAIR_0022,moist_heat,A2255,LS_A0088,0.641209,무,40.0,부재료,11000.0,300,36.666666666666664,0.9166666666666666,12000.0,1.0
PAIR_0022,moist_heat,A2255,LS_A0088,0.641209,진간장,1.0,양념,300.0,300,1.0,1.0,300.0,1.0
PAIR_0022,moist_heat,A2255,LS_A0088,0.641209,고춧가루,1.0,조미료,250.0,300,0.8333333333333334,0.8333333333333334,300.0,1.0
PAIR_0118,moist_heat,A1299,LS_A0277,0.640892,마늘,5.0,부재료,1000.0,100,10.0,2.0,500.0,1.0
PAIR_0096,moist_heat,A1117,LS_A0259,0.640415,바지락,30.0,주재료,5000.0,100,50.0,1.6666666666666667,3000.0,1.0
PAIR_0096,moist_heat,A1117,LS_A0259,0.640415,홍고추,3.0,부재료,150.0,100,1.5,0.5,300.0,1.0
PAIR_0096,moist_heat,A1117,LS_A0259,0.640415,청양고추,3.0,부재료,200.0,100,2.0,0.6666666666666666,300.0,1.0
PAIR_0096,moist_heat,A1117,LS_A0259,0.640415,대파,5.0,부재료,800.0,100,8.0,1.6,500.0,1.0
PAIR_0115,moist_heat,A1299,LS_A0272,0.636035,양파,10.0,부재료,1000.0,100,10.0,1.0,1000.0,1.0
PAIR_0115,moist_heat,A1299,LS_A0272,0.636035,마늘,5.0,부재료,500.0,100,5.0,1.0,500.0,1.0
PAIR_0115,moist_heat,A1299,LS_A0272,0.636035,대파,5.0,부재료,500.0,100,5.0,1.0,500.0,1.0
PAIR_0079,moist_heat,A0697,LS_A0236,0.63334,물,300.0,조미료,25000.0,100,250.0,0.8333333333333334,30000.0,1.0
PAIR_0021,moist_heat,A1532,LS_A0084,0.6257,당근,5.0,부재료,1000.0,260,3.8461538461538463,0.7692307692307693,1300.0,1.0
PAIR_0021,moist_heat,A1532,LS_A0084,0.6257,양파,10.0,부재료,1500.0,260,5.769230769230769,0.5769230769230769,2600.0,1.0
PAIR_0021,moist_heat,A1532,LS_A0084,0.6257,동그랑땡,40.0,부재료,14000.0,260,53.84615384615385,1.3461538461538463,10400.0,1.0
PAIR_0123,moist_heat,A2357,LS_A0280,0.625627,두부,20.0,부재료,3000.0,100,30.0,1.5,2000.0,1.0
PAIR_0123,moist_heat,A2357,LS_A0280,0.625627,풋고추,5.0,부재료,500.0,100,5.0,1.0,500.0,1.0
PAIR_0123,moist_heat,A2357,LS_A0280,0.625627,마늘,1.0,부재료,200.0,100,2.0,2.0,100.0,1.0
PAIR_0090,moist_heat,A0574,LS_A0242,0.619473,물,180.0,조미료,30000.0,100,300.0,1.6666666666666667,18000.0,1.0
PAIR_0242,moist_heat,A1551,LS_A0491,0.619089,감자,40.0,부재료,4000.0,100,40.0,1.0,4000.0,1.0
PAIR_0242,moist_heat,A1551,LS_A0491,0.619089,양파,10.0,부재료,2000.0,100,20.0,2.0,1000.0,1.0
PAIR_0242,moist_heat,A1551,LS_A0491,0.619089,생강,0.5,부재료,100.0,100,1.0,2.0,50.0,1.0
PAIR_0248,moist_heat,A1220,LS_A0522,0.613577,감자,60.0,부재료,8000.0,100,80.0,1.3333333333333333,6000.0,1.0
PAIR_0248,moist_heat,A1220,LS_A0522,0.613577,감자,60.0,부재료,8000.0,100,80.0,1.3333333333333333,6000.0,1.0
PAIR_0043,moist_heat,Y0003,LS_A0205,0.613557,우유,8.0,부재료,600.0,100,6.0,0.75,800.0,1.0
PAIR_0043,moist_heat,Y0003,LS_A0205,0.613557,소금,0.1,조미료,20.0,100,0.2,2.0,10.0,1.0
PAIR_0064,moist_heat,A2164,LS_A0222,0.612132,부추,30.0,부재료,2000.0,100,20.0,0.6666666666666666,3000.0,1.0
PAIR_0128,moist_heat,A1504,LS_A0288,0.611717,고춧가루,1.0,조미료,100.0,100,1.0,1.0,100.0,1.0
PAIR_0128,moist_heat,A1504,LS_A0288,0.611717,식용유,0.5,조미료,100.0,100,1.0,2.0,50.0,1.0
PAIR_0124,moist_heat,A0740,LS_A0281,0.602077,굴,20.0,주재료,3000.0,100,30.0,1.5,2000.0,1.0
PAIR_0124,moist_heat,A0740,LS_A0281,0.602077,두부,20.0,주재료,4000.0,100,40.0,2.0,2000.0,1.0
PAIR_0124,moist_heat,A0740,LS_A0281,0.602077,참기름,1.0,조미료,200.0,100,2.0,2.0,100.0,1.0
PAIR_0124,moist_heat,A0740,LS_A0281,0.602077,홍고추,1.0,부재료,80.0,100,0.8,0.8,100.0,1.0
PAIR_0252,moist_heat,A1281,LS_A0544,0.600171,고등어,60.0,부재료,10000.0,100,100.0,1.6666666666666667,6000.0,1.0
PAIR_0252,moist_heat,A1281,LS_A0544,0.600171,고등어,60.0,부재료,10000.0,100,100.0,1.6666666666666667,6000.0,1.0
PAIR_0252,moist_heat,A1281,LS_A0544,0.600171,무,40.0,부재료,6000.0,100,60.0,1.5,4000.0,1.0
PAIR_0252,moist_heat,A1281,LS_A0544,0.600171,무,40.0,부재료,6000.0,100,60.0,1.5,4000.0,1.0
PAIR_0252,moist_heat,A1281,LS_A0544,0.600171,대파,5.0,부재료,1000.0,100,10.0,2.0,500.0,1.0
PAIR_0252,moist_heat,A1281,LS_A0544,0.600171,대파,5.0,부재료,1000.0,100,10.0,2.0,500.0,1.0
PAIR_0193,no_heat,A2234,LS_A0412,0.68435,설탕,1.0,조미료,100.0,100,1.0,1.0,100.0,1.0
PAIR_0193,no_heat,A2234,LS_A0412,0.68435,마늘,1.0,부재료,200.0,100,2.0,2.0,100.0,1.0
PAIR_0193,no_heat,A2234,LS_A0412,0.68435,참기름,1.0,조미료,100.0,100,1.0,1.0,100.0,1.0
PAIR_0196,no_heat,A1735,LS_A0420,0.679743,참기름,1.0,조미료,200.0,100,2.0,2.0,100.0,1.0
PAIR_0196,no_heat,A1735,LS_A0420,0.679743,마늘,1.0,부재료,100.0,100,1.0,1.0,100.0,1.0
PAIR_0203,no_heat,A1698,LS_A0425,0.679171,식초,5.0,부재료,400.0,100,4.0,0.8,500.0,1.0
PAIR_0179,no_heat,A2000,LS_A0357,0.674965,마늘,1.0,부재료,140.0,100,1.4,1.4,100.0,1.0
PAIR_0179,no_heat,A2000,LS_A0357,0.674965,생강,0.5,부재료,50.0,100,0.5,1.0,50.0,1.0
PAIR_0179,no_heat,A2000,LS_A0357,0.674965,설탕,1.0,조미료,100.0,100,1.0,1.0,100.0,1.0
PAIR_0158,no_heat,A2080,LS_A0321,0.669574,식초,1.0,부재료,120.0,100,1.2,1.2,100.0,1.0
PAIR_0158,no_heat,A2080,LS_A0321,0.669574,설탕,0.5,조미료,100.0,100,1.0,2.0,50.0,1.0
PAIR_0158,no_heat,A2080,LS_A0321,0.669574,고춧가루,1.0,조미료,130.0,100,1.3,1.3,100.0,1.0
PAIR_0033,no_heat,A0012,LS_A0139,0.653553,마늘,2.5,조미료,200.0,80,2.5,1.0,200.0,1.0
PAIR_0033,no_heat,A0012,LS_A0139,0.653553,생강,1.0,조미료,100.0,80,1.25,1.25,80.0,1.0
PAIR_0171,no_heat,A0012,LS_A0349,0.653553,마늘,2.5,조미료,200.0,100,2.0,0.8,250.0,1.0
PAIR_0171,no_heat,A0012,LS_A0349,0.653553,생강,1.0,조미료,100.0,100,1.0,1.0,100.0,1.0
PAIR_0190,no_heat,A2091,LS_A0401,0.647375,고추장,10.0,양념,700.0,100,7.0,0.7,1000.0,1.0
PAIR_0190,no_heat,A2091,LS_A0401,0.647375,물엿,5.0,조미료,250.0,100,2.5,0.5,500.0,1.0
PAIR_0190,no_heat,A2091,LS_A0401,0.647375,식초,3.0,부재료,350.0,100,3.5,1.1666666666666667,300.0,1.0
PAIR_0185,no_heat,A1333,LS_A0384,0.640161,참기름,1.0,조미료,50.0,100,0.5,0.5,100.0,1.0
PAIR_0026,no_heat,A1294,LS_A0110,0.636995,진간장,1.0,양념,135.0,130,1.0384615384615385,1.0384615384615385,130.0,1.0
PAIR_0026,no_heat,A1294,LS_A0110,0.636995,참기름,1.0,조미료,135.0,130,1.0384615384615385,1.0384615384615385,130.0,1.0
PAIR_0026,no_heat,A1294,LS_A0110,0.636995,고추장,3.0,양념,500.0,130,3.8461538461538463,1.2820512820512822,390.0,1.0
PAIR_0155,no_heat,A2300,LS_A0318,0.636995,생강,0.5,부재료,50.0,100,0.5,1.0,50.0,1.0
PAIR_0066,no_heat,A1729,LS_A0226,0.63682,오이,15.0,부재료,1500.0,100,15.0,1.0,1500.0,1.0
PAIR_0066,no_heat,A1729,LS_A0226,0.63682,설탕,1.0,조미료,140.0,100,1.4,1.4,100.0,1.0
PAIR_0066,no_heat,A1729,LS_A0226,0.63682,마늘,1.0,부재료,50.0,100,0.5,0.5,100.0,1.0
PAIR_0028,no_heat,A1301,LS_A0111,0.636228,당근,5.0,부재료,1000.0,210,4.761904761904762,0.9523809523809523,1050.0,1.0
PAIR_0028,no_heat,A1301,LS_A0111,0.636228,양파,10.0,부재료,1500.0,210,7.142857142857143,0.7142857142857143,2100.0,1.0
PAIR_0205,no_heat,A1625,LS_A0428,0.625235,마늘,10.0,부재료,500.0,100,5.0,0.5,1000.0,1.0
PAIR_0205,no_heat,A1625,LS_A0428,0.625235,고추장,3.0,양념,200.0,100,2.0,0.6666666666666666,300.0,1.0
PAIR_0205,no_heat,A1625,LS_A0428,0.625235,참기름,1.0,조미료,100.0,100,1.0,1.0,100.0,1.0
PAIR_0032,no_heat,A1470,LS_A0138,0.608879,설탕,2.0,조미료,300.0,80,3.75,1.875,160.0,1.0
PAIR_0030,no_heat,A2091,LS_A0119,0.607692,오징어,40.0,부재료,8000.0,100,80.0,2.0,4000.0,1.0
PAIR_0030,no_heat,A2091,LS_A0119,0.607692,오이,20.0,부재료,3000.0,100,30.0,1.5,2000.0,1.0
PAIR_0030,no_heat,A2091,LS_A0119,0.607692,양파,10.0,부재료,1000.0,100,10.0,1.0,1000.0,1.0
