pair_id,small_recipe_id,large_recipe_id,group_type,cooking_method,ingredient_name,role,derived_category,N,base,Y,unit,ratio,log_ratio,log_N,composite_score
A1034_LS_A0328,A1034,LS_A0328,비가열,절이기(담그기),마늘,seasoning,,100,3.0,80.0,g,0.26666666666666666,-1.3217558399823195,4.605170185988092,0.9222
A1034_LS_A0328,A1034,LS_A0328,비가열,절이기(담그기),미나리,sub,,100,10.0,200.0,g,0.2,-1.6094379124341003,4.605170185988092,0.9222
A1034_LS_A0328,A1034,LS_A0328,비가열,절이기(담그기),실파,sub,,100,5.0,150.0,g,0.3,-1.2039728043259361,4.605170185988092,0.9222
A1034_LS_A0328,A1034,LS_A0328,비가열,절이기(담그기),홍고추,sub,,100,2.0,70.0,g,0.35,-1.0498221244986778,4.605170185988092,0.9222
A1034_LS_A0328,A1034,LS_A0328,비가열,절이기(담그기),고춧가루,sub,,100,2.5,160.0,g,0.64,-0.4462871026284195,4.605170185988092,0.9222
A1388_LS_A0233,A1388,LS_A0233,습열,끓이기(삶기),멸치,sub,,100,2.0,300.0,g,1.5,0.4054651081081644,4.605170185988092,0.9071
A1388_LS_A0233,A1388,LS_A0233,습열,끓이기(삶기),마늘,seasoning,,100,1.0,100.0,g,1.0,0.0,4.605170185988092,0.9071
A1388_LS_A0233,A1388,LS_A0233,습열,끓이기(삶기),된장,seasoning,,100,15.0,350.0,g,0.23333333333333334,-1.455287232606842,4.605170185988092,0.9071
A1388_LS_A0233,A1388,LS_A0233,습열,끓이기(삶기),대파,sub,,100,1.0,200.0,g,2.0,0.6931471805599453,4.605170185988092,0.9071
A1388_LS_A0233,A1388,LS_A0233,습열,끓이기(삶기),냉이,main,,100,70.0,2000.0,g,0.2857142857142857,-1.252762968495368,4.605170185988092,0.9071
A1471_LS_A0138,A1471,LS_A0138,비가열,무치기,참깨,seasoning,,80,0.3,50.0,g,2.0833333333333335,0.7339691750802005,4.382026634673881,0.8899
A1471_LS_A0138,A1471,LS_A0138,비가열,무치기,마늘,seasoning,,80,1.0,200.0,g,2.5,0.9162907318741551,4.382026634673881,0.8899
A1471_LS_A0138,A1471,LS_A0138,비가열,무치기,도라지,main,,80,30.0,6000.0,g,2.5,0.9162907318741551,4.382026634673881,0.8899
A1966_LS_A0385,A1966,LS_A0385,비가열,무치기,대파,sub,,100,2.0,200.0,g,1.0,0.0,4.605170185988092,0.8536
A1966_LS_A0385,A1966,LS_A0385,비가열,무치기,마늘,seasoning,,100,2.0,100.0,g,0.5,-0.6931471805599453,4.605170185988092,0.8536
A1966_LS_A0385,A1966,LS_A0385,비가열,무치기,소금,seasoning,,100,1.0,50.0,g,0.5,-0.6931471805599453,4.605170185988092,0.8536
A1472_LS_A0138,A1472,LS_A0138,비가열,무치기,설탕,seasoning,,80,2.0,300.0,g,1.875,0.6286086594223741,4.382026634673881,0.8535
A1472_LS_A0138,A1472,LS_A0138,비가열,무치기,고추장,seasoning,,80,5.0,1000.0,g,2.5,0.9162907318741551,4.382026634673881,0.8535
A1472_LS_A0138,A1472,LS_A0138,비가열,무치기,식초,seasoning,,80,2.0,400.0,g,2.5,0.9162907318741551,4.382026634673881,0.8535
A1376_LS_A0328,A1376,LS_A0328,비가열,절이기(담그기),생강,seasoning,,100,0.5,30.0,g,0.6,-0.5108256237659907,4.605170185988092,0.8477
A1180_LS_A0479,A1180,LS_A0479,건열,굽기,가자미,main,,100,50.0,15000.0,g,3.0,1.0986122886681098,4.605170185988092,0.8243
A2106_LS_A0436,A2106,LS_A0436,건열,튀기기,튀김가루,sub,,100,12.0,1500.0,g,1.25,0.22314355131420976,4.605170185988092,0.8243
A2106_LS_A0436,A2106,LS_A0436,건열,튀기기,오징어,main,,100,40.0,10000.0,g,2.5,0.9162907318741551,4.605170185988092,0.8243
A1180_LS_A0479,A1180,LS_A0479,건열,굽기,식용유,sub,oil_fat,100,5.0,400.0,g,0.8,-0.2231435513142097,4.605170185988092,0.8243
A2173_LS_A0477,A2173,LS_A0477,건열,굽기,조기,main,,100,80.0,11000.0,g,1.375,0.3184537311185346,4.605170185988092,0.8243
A2300_LS_A0424,A2300,LS_A0424,비가열,절이기(담그기),고춧가루,sub,,100,2.0,200.0,g,1.0,0.0,4.605170185988092,0.8082
A2300_LS_A0424,A2300,LS_A0424,비가열,절이기(담그기),마늘,seasoning,,100,1.0,80.0,g,0.8,-0.2231435513142097,4.605170185988092,0.8082
A2300_LS_A0424,A2300,LS_A0424,비가열,절이기(담그기),생강,seasoning,,100,0.5,40.0,g,0.8,-0.2231435513142097,4.605170185988092,0.8082
A2076_LS_A0397,A2076,LS_A0397,비가열,무치기,마늘,seasoning,,100,1.0,100.0,g,1.0,0.0,4.605170185988092,0.8082
A2076_LS_A0397,A2076,LS_A0397,비가열,무치기,설탕,seasoning,,100,1.0,150.0,g,1.5,0.4054651081081644,4.605170185988092,0.8082
A2076_LS_A0397,A2076,LS_A0397,비가열,무치기,식초,seasoning,,100,1.0,200.0,g,2.0,0.6931471805599453,4.605170185988092,0.8082
A2076_LS_A0397,A2076,LS_A0397,비가열,무치기,고춧가루,sub,,100,1.0,100.0,g,1.0,0.0,4.605170185988092,0.8082
A2037_LS_A0430,A2037,LS_A0430,습열,조리기(졸이기),간장,seasoning,,100,3.0,300.0,g,1.0,0.0,4.605170185988092,0.8052
A2037_LS_A0430,A2037,LS_A0430,습열,조리기(졸이기),마늘,seasoning,,100,1.0,100.0,g,1.0,0.0,4.605170185988092,0.8052
A2037_LS_A0430,A2037,LS_A0430,습열,조리기(졸이기),물엿,seasoning,,100,2.0,80.0,g,0.4,-0.916290731874155,4.605170185988092,0.8052
A2037_LS_A0430,A2037,LS_A0430,습열,조리기(졸이기),설탕,seasoning,,100,1.0,150.0,g,1.5,0.4054651081081644,4.605170185988092,0.8052
A2037_LS_A0430,A2037,LS_A0430,습열,조리기(졸이기),연근,main,,100,35.0,2000.0,g,0.5714285714285714,-0.5596157879354228,4.605170185988092,0.8052
A2037_LS_A0430,A2037,LS_A0430,습열,조리기(졸이기),참기름,seasoning,oil_fat,100,1.0,50.0,g,0.5,-0.6931471805599453,4.605170185988092,0.8052
A1322_LS_A0459,A1322,LS_A0459,건열,굽기,식용유,sub,oil_fat,100,10.0,500.0,g,0.5,-0.6931471805599453,4.605170185988092,0.8025
A1322_LS_A0459,A1322,LS_A0459,건열,굽기,달걀,sub,,100,20.0,1000.0,g,0.5,-0.6931471805599453,4.605170185988092,0.8025
A1322_LS_A0459,A1322,LS_A0459,건열,굽기,굴,main,,100,30.0,7000.0,g,2.3333333333333335,0.8472978603872037,4.605170185988092,0.8025
A2219_LS_A0177,A2219,LS_A0177,비가열,무치기,상추,sub,,100,15.0,4000.0,g,2.6666666666666665,0.9808292530117262,4.605170185988092,0.8009
A2219_LS_A0177,A2219,LS_A0177,비가열,무치기,참치,main,,100,50.0,5000.0,g,1.0,0.0,4.605170185988092,0.8009
A2219_LS_A0177,A2219,LS_A0177,비가열,무치기,당근,sub,,100,5.0,1000.0,g,2.0,0.6931471805599453,4.605170185988092,0.8009
A2219_LS_A0177,A2219,LS_A0177,비가열,무치기,쌀,main,,100,90.0,10000.0,g,1.1111111111111112,0.10536051565782635,4.605170185988092,0.8009
A1545_LS_A0283,A1545,LS_A0283,습열,끓이기(삶기),두부,sub,,100,20.0,3000.0,g,1.5,0.4054651081081644,4.605170185988092,0.8005
A1545_LS_A0283,A1545,LS_A0283,습열,끓이기(삶기),무,sub,,100,20.0,5000.0,g,2.5,0.9162907318741551,4.605170185988092,0.8005
A1545_LS_A0283,A1545,LS_A0283,습열,끓이기(삶기),마늘,seasoning,,100,1.0,200.0,g,2.0,0.6931471805599453,4.605170185988092,0.8005
A1545_LS_A0283,A1545,LS_A0283,습열,끓이기(삶기),대파,sub,,100,5.0,1000.0,g,2.0,0.6931471805599453,4.605170185988092,0.8005
A1847_LS_A0540,A1847,LS_A0540,습열,졸이기(조리기),삼치,main,,100,70.0,20000.0,g,2.857142857142857,1.0498221244986776,4.605170185988092,0.8
A1350_LS_A0117,A1350,LS_A0117,비가열,무치기,참기름,seasoning,oil_fat,100,1.0,50.0,g,0.5,-0.6931471805599453,4.605170185988092,0.8
A1350_LS_A0117,A1350,LS_A0117,비가열,무치기,멸치액젓,seasoning,,100,2.0,200.0,g,1.0,0.0,4.605170185988092,0.8
A1350_LS_A0117,A1350,LS_A0117,비가열,무치기,깻잎,main,,100,30.0,1000.0,g,0.3333333333333333,-1.0986122886681098,4.605170185988092,0.8
A1350_LS_A0117,A1350,LS_A0117,비가열,무치기,고춧가루,seasoning,,100,2.0,100.0,g,0.5,-0.6931471805599453,4.605170185988092,0.8
A1350_LS_A0117,A1350,LS_A0117,비가열,무치기,간장,seasoning,,100,5.0,1000.0,g,2.0,0.6931471805599453,4.605170185988092,0.8
A1350_LS_A0117,A1350,LS_A0117,비가열,무치기,당근,sub,,100,3.0,200.0,g,0.6666666666666666,-0.40546510810816444,4.605170185988092,0.8
A2092_LS_A0297,A2092,LS_A0297,건열,볶기,마늘,seasoning,,100,1.0,200.0,g,2.0,0.6931471805599453,4.605170185988092,0.7961
A2092_LS_A0297,A2092,LS_A0297,건열,볶기,참기름,seasoning,oil_fat,100,1.0,150.0,g,1.5,0.4054651081081644,4.605170185988092,0.7961
A2092_LS_A0297,A2092,LS_A0297,건열,볶기,당근,sub,,100,5.0,1000.0,g,2.0,0.6931471805599453,4.605170185988092,0.7961
A2092_LS_A0297,A2092,LS_A0297,건열,볶기,대파,sub,,100,5.0,500.0,g,1.0,0.0,4.605170185988092,0.7961
A2092_LS_A0297,A2092,LS_A0297,건열,볶기,고춧가루,seasoning,,100,2.0,400.0,g,2.0,0.6931471805599453,4.605170185988092,0.7961
A2092_LS_A0297,A2092,LS_A0297,건열,볶기,참깨,seasoning,,100,0.3,30.0,g,1.0,0.0,4.605170185988092,0.7961
A2092_LS_A0297,A2092,LS_A0297,건열,볶기,고추장,seasoning,,100,1.0,300.0,g,3.0,1.0986122886681098,4.605170185988092,0.7961
A2092_LS_A0297,A2092,LS_A0297,건열,볶기,오징어,main,,100,60.0,10000.0,g,1.6666666666666667,0.5108256237659907,4.605170185988092,0.7961
A2092_LS_A0297,A2092,LS_A0297,건열,볶기,설탕,seasoning,,100,1.0,200.0,g,2.0,0.6931471805599453,4.605170185988092,0.7961
A2092_LS_A0297,A2092,LS_A0297,건열,볶기,양배추,sub,,100,40.0,4000.0,g,1.0,0.0,4.605170185988092,0.7961
A2092_LS_A0297,A2092,LS_A0297,건열,볶기,물엿,seasoning,,100,1.0,300.0,g,3.0,1.0986122886681098,4.605170185988092,0.7961
A2092_LS_A0297,A2092,LS_A0297,건열,볶기,양파,sub,,100,10.0,2000.0,g,2.0,0.6931471805599453,4.605170185988092,0.7961
A2266_LS_A0238,A2266,LS_A0238,습열,끓이기(삶기),고춧가루,seasoning,,100,5.0,200.0,g,0.4,-0.916290731874155,4.605170185988092,0.7935
A2266_LS_A0238,A2266,LS_A0238,습열,끓이기(삶기),김치,main,,100,40.0,4000.0,g,1.0,0.0,4.605170185988092,0.7935
A2266_LS_A0238,A2266,LS_A0238,습열,끓이기(삶기),콩나물,main,water_base,100,30.0,3000.0,g,1.0,0.0,4.605170185988092,0.7935
A2266_LS_A0238,A2266,LS_A0238,습열,끓이기(삶기),마늘,seasoning,,100,5.0,300.0,g,0.6,-0.5108256237659907,4.605170185988092,0.7935
A2129_LS_A0549,A2129,LS_A0549,습열,졸이기(조리기),우엉,main,,100,20.0,6000.0,g,3.0,1.0986122886681098,4.605170185988092,0.7928
A1468_LS_A0138,A1468,LS_A0138,비가열,무치기,고춧가루,seasoning,,80,1.0,200.0,g,2.5,0.9162907318741551,4.382026634673881,0.7879
A0304_LS_A0079,A0304,LS_A0079,습열,끓이기,콩나물,sub,water_base,100,25.0,1500.0,g,0.6,-0.5108256237659907,4.605170185988092,0.7867
A0304_LS_A0079,A0304,LS_A0079,습열,끓이기,미나리,sub,,100,15.0,1000.0,g,0.6666666666666666,-0.40546510810816444,4.605170185988092,0.7867
A0304_LS_A0079,A0304,LS_A0079,습열,끓이기,대구,main,,100,150.0,7000.0,g,0.4666666666666667,-0.7621400520468967,4.605170185988092,0.7867
A0304_LS_A0079,A0304,LS_A0079,습열,끓이기,다시마,sub,,100,1.0,100.0,g,1.0,0.0,4.605170185988092,0.7867
A0304_LS_A0079,A0304,LS_A0079,습열,끓이기,마늘,seasoning,,100,10.0,200.0,g,0.2,-1.6094379124341003,4.605170185988092,0.7867
A0304_LS_A0079,A0304,LS_A0079,습열,끓이기,무,sub,,100,30.0,1500.0,g,0.5,-0.6931471805599453,4.605170185988092,0.7867
A0304_LS_A0079,A0304,LS_A0079,습열,끓이기,물,sub,water_base,100,500.0,30000.0,g,0.6,-0.5108256237659907,4.605170185988092,0.7867
A0304_LS_A0079,A0304,LS_A0079,습열,끓이기,홍고추,sub,,100,1.0,200.0,g,2.0,0.6931471805599453,4.605170185988092,0.7867
A1437_LS_A0292,A1437,LS_A0292,건열,볶기,닭고기,main,,100,60.0,10000.0,g,1.6666666666666667,0.5108256237659907,4.605170185988092,0.7818
A1437_LS_A0292,A1437,LS_A0292,건열,볶기,대파,sub,,100,5.0,1000.0,g,2.0,0.6931471805599453,4.605170185988092,0.7818
A1437_LS_A0292,A1437,LS_A0292,건열,볶기,떡볶이떡,sub,,100,20.0,2000.0,g,1.0,0.0,4.605170185988092,0.7818
A1437_LS_A0292,A1437,LS_A0292,건열,볶기,참깨,seasoning,,100,1.0,30.0,g,0.3,-1.2039728043259361,4.605170185988092,0.7818
A1449_LS_A0433,A1449,LS_A0433,건열,튀기기,닭고기,main,,100,100.0,15000.0,g,1.5,0.4054651081081644,4.605170185988092,0.7811
A1449_LS_A0433,A1449,LS_A0433,건열,튀기기,생강,seasoning,,100,0.5,30.0,g,0.6,-0.5108256237659907,4.605170185988092,0.7811
A1449_LS_A0433,A1449,LS_A0433,건열,튀기기,튀김가루,sub,,100,20.0,2000.0,g,1.0,0.0,4.605170185988092,0.7811
A1542_LS_A0255,A1542,LS_A0255,습열,끓이기(삶기),고춧가루,seasoning,,100,1.0,30.0,g,0.3,-1.2039728043259361,4.605170185988092,0.7792
A1542_LS_A0255,A1542,LS_A0255,습열,끓이기(삶기),대파,sub,,100,5.0,100.0,g,0.2,-1.6094379124341003,4.605170185988092,0.7792
A1542_LS_A0255,A1542,LS_A0255,습열,끓이기(삶기),두부,sub,,100,15.0,2000.0,g,1.3333333333333333,0.28768207245178085,4.605170185988092,0.7792
A1542_LS_A0255,A1542,LS_A0255,습열,끓이기(삶기),마늘,seasoning,,100,1.0,300.0,g,3.0,1.0986122886681098,4.605170185988092,0.7792
A1542_LS_A0255,A1542,LS_A0255,습열,끓이기(삶기),무,sub,,100,15.0,3000.0,g,2.0,0.6931471805599453,4.605170185988092,0.7792
A1790_LS_A0304,A1790,LS_A0304,건열,볶기,간장,seasoning,,100,5.0,1200.0,g,2.4,0.8754687373538999,4.605170185988092,0.7744
A1790_LS_A0304,A1790,LS_A0304,건열,볶기,참기름,seasoning,oil_fat,100,1.0,100.0,g,1.0,0.0,4.605170185988092,0.7744
A1790_LS_A0304,A1790,LS_A0304,건열,볶기,마늘,seasoning,,100,1.0,300.0,g,3.0,1.0986122886681098,4.605170185988092,0.7744
A1790_LS_A0304,A1790,LS_A0304,건열,볶기,부추,sub,,100,20.0,3000.0,g,1.5,0.4054651081081644,4.605170185988092,0.7744
A1790_LS_A0304,A1790,LS_A0304,건열,볶기,양파,sub,,100,10.0,2200.0,g,2.2,0.7884573603642703,4.605170185988092,0.7744
A1790_LS_A0304,A1790,LS_A0304,건열,볶기,당면,sub,,100,20.0,2500.0,g,1.25,0.22314355131420976,4.605170185988092,0.7744
A1790_LS_A0304,A1790,LS_A0304,건열,볶기,돼지고기,main,,100,20.0,2000.0,g,1.0,0.0,4.605170185988092,0.7744
A0103_LS_A0441,A0103,LS_A0441,건열,튀기기,달걀,sub,,100,50.0,3000.0,g,0.6,-0.5108256237659907,4.605170185988092,0.7697
A0103_LS_A0441,A0103,LS_A0441,건열,튀기기,당근,sub,,100,20.0,1100.0,g,0.55,-0.5978370007556204,4.605170185988092,0.7697
A0103_LS_A0441,A0103,LS_A0441,건열,튀기기,밀가루,sub,,100,20.0,1000.0,g,0.5,-0.6931471805599453,4.605170185988092,0.7697
A0103_LS_A0441,A0103,LS_A0441,건열,튀기기,빵가루,sub,,100,50.0,1500.0,g,0.3,-1.2039728043259361,4.605170185988092,0.7697
A0103_LS_A0441,A0103,LS_A0441,건열,튀기기,소금,seasoning,,100,0.5,100.0,g,2.0,0.6931471805599453,4.605170185988092,0.7697
A0103_LS_A0441,A0103,LS_A0441,건열,튀기기,양파,sub,,100,20.0,2200.0,g,1.1,0.09531017980432493,4.605170185988092,0.7697
A1459_LS_A0433,A1459,LS_A0433,건열,튀기기,밀가루,sub,,100,20.0,1000.0,g,0.5,-0.6931471805599453,4.605170185988092,0.7674
A1229_LS_A0301,A1229,LS_A0301,건열,볶기,식용유,seasoning,oil_fat,100,1.0,300.0,g,3.0,1.0986122886681098,4.605170185988092,0.7661
A1229_LS_A0301,A1229,LS_A0301,건열,볶기,설탕,seasoning,,100,1.0,50.0,g,0.5,-0.6931471805599453,4.605170185988092,0.7661
A1229_LS_A0301,A1229,LS_A0301,건열,볶기,감자,main,,100,45.0,10000.0,g,2.2222222222222223,0.7985076962177716,4.605170185988092,0.7661
A1229_LS_A0301,A1229,LS_A0301,건열,볶기,청피망,sub,,100,5.0,500.0,g,1.0,0.0,4.605170185988092,0.7661
A1229_LS_A0301,A1229,LS_A0301,건열,볶기,참깨,seasoning,,100,0.3,30.0,g,1.0,0.0,4.605170185988092,0.7661
A1229_LS_A0301,A1229,LS_A0301,건열,볶기,양파,sub,,100,10.0,1000.0,g,1.0,0.0,4.605170185988092,0.7661
A1518_LS_A0408,A1518,LS_A0408,건열,볶기,마늘,seasoning,,100,1.0,200.0,g,2.0,0.6931471805599453,4.605170185988092,0.7659
A1518_LS_A0408,A1518,LS_A0408,건열,볶기,간장,seasoning,,100,5.0,700.0,g,1.4,0.3364722366212129,4.605170185988092,0.7659
A1518_LS_A0408,A1518,LS_A0408,건열,볶기,설탕,seasoning,,100,1.0,200.0,g,2.0,0.6931471805599453,4.605170185988092,0.7659
A1518_LS_A0408,A1518,LS_A0408,건열,볶기,참기름,seasoning,oil_fat,100,1.0,50.0,g,0.5,-0.6931471805599453,4.605170185988092,0.7659
A1518_LS_A0408,A1518,LS_A0408,건열,볶기,참깨,seasoning,,100,0.3,20.0,g,0.6666666666666666,-0.40546510810816444,4.605170185988092,0.7659
A1518_LS_A0408,A1518,LS_A0408,건열,볶기,후추,sub,,100,0.01,3.0,g,3.0,1.0986122886681098,4.605170185988092,0.7659
A1817_LS_A0186,A1817,LS_A0186,건열,볶기,식초,seasoning,,100,1.0,200.0,g,2.0,0.6931471805599453,4.605170185988092,0.7651
A1817_LS_A0186,A1817,LS_A0186,건열,볶기,고춧가루,seasoning,,100,1.0,200.0,g,2.0,0.6931471805599453,4.605170185988092,0.7651
A1817_LS_A0186,A1817,LS_A0186,건열,볶기,달걀,sub,,100,50.0,6000.0,g,1.2,0.1823215567939546,4.605170185988092,0.7651
A1817_LS_A0186,A1817,LS_A0186,건열,볶기,당근,sub,,100,20.0,1000.0,g,0.5,-0.6931471805599453,4.605170185988092,0.7651
A1817_LS_A0186,A1817,LS_A0186,건열,볶기,참기름,seasoning,oil_fat,100,4.0,100.0,g,0.25,-1.3862943611198906,4.605170185988092,0.7651
A1817_LS_A0186,A1817,LS_A0186,건열,볶기,콩나물,sub,water_base,100,50.0,4000.0,g,0.8,-0.2231435513142097,4.605170185988092,0.7651
A1817_LS_A0186,A1817,LS_A0186,건열,볶기,무,sub,,100,50.0,2500.0,g,0.5,-0.6931471805599453,4.605170185988092,0.7651
A1817_LS_A0186,A1817,LS_A0186,건열,볶기,쌀,main,,100,90.0,10000.0,g,1.1111111111111112,0.10536051565782635,4.605170185988092,0.7651
A2341_LS_A0429,A2341,LS_A0429,비가열,무치기,식초,seasoning,,100,5.0,400.0,g,0.8,-0.2231435513142097,4.605170185988092,0.7636
A2341_LS_A0429,A2341,LS_A0429,비가열,무치기,마늘,seasoning,,100,3.0,200.0,g,0.6666666666666666,-0.40546510810816444,4.605170185988092,0.7636
A2341_LS_A0429,A2341,LS_A0429,비가열,무치기,설탕,seasoning,,100,5.0,400.0,g,0.8,-0.2231435513142097,4.605170185988092,0.7636
A0687_LS_A0215,A0687,LS_A0215,습열,끓이기,참기름,seasoning,oil_fat,100,1.0,200.0,g,2.0,0.6931471805599453,4.605170185988092,0.7629
A0687_LS_A0215,A0687,LS_A0215,습열,끓이기,미역,main,,100,1.5,400.0,g,2.6666666666666665,0.9808292530117262,4.605170185988092,0.7629
A0687_LS_A0215,A0687,LS_A0215,습열,끓이기,물,sub,water_base,100,300.0,30000.0,g,1.0,0.0,4.605170185988092,0.7629
A0687_LS_A0215,A0687,LS_A0215,습열,끓이기,마늘,seasoning,,100,1.0,100.0,g,1.0,0.0,4.605170185988092,0.7629
A0687_LS_A0215,A0687,LS_A0215,습열,끓이기,간장,seasoning,,100,2.0,200.0,g,1.0,0.0,4.605170185988092,0.7629
A1873_LS_A0437,A1873,LS_A0437,건열,튀기기,달걀,sub,,100,15.0,3600.0,g,2.4,0.8754687373538999,4.605170185988092,0.7555
A1873_LS_A0437,A1873,LS_A0437,건열,튀기기,동태,main,,100,60.0,8000.0,g,1.3333333333333333,0.28768207245178085,4.605170185988092,0.7555
A1873_LS_A0437,A1873,LS_A0437,건열,튀기기,빵가루,sub,,100,15.0,1500.0,g,1.0,0.0,4.605170185988092,0.7555
A1390_LS_A0241,A1390,LS_A0241,습열,끓이기(삶기),냉이,main,,100,30.0,2000.0,g,0.6666666666666666,-0.40546510810816444,4.605170185988092,0.753
A1390_LS_A0241,A1390,LS_A0241,습열,끓이기(삶기),멸치,sub,,100,2.0,300.0,g,1.5,0.4054651081081644,4.605170185988092,0.753
A1390_LS_A0241,A1390,LS_A0241,습열,끓이기(삶기),다시마,sub,,100,1.0,300.0,g,3.0,1.0986122886681098,4.605170185988092,0.753
A1390_LS_A0241,A1390,LS_A0241,습열,끓이기(삶기),대파,sub,,100,5.0,200.0,g,0.4,-0.916290731874155,4.605170185988092,0.753
A1390_LS_A0241,A1390,LS_A0241,습열,끓이기(삶기),된장,seasoning,,100,10.0,1500.0,g,1.5,0.4054651081081644,4.605170185988092,0.753
A1390_LS_A0241,A1390,LS_A0241,습열,끓이기(삶기),마늘,seasoning,,100,1.0,100.0,g,1.0,0.0,4.605170185988092,0.753
A1470_LS_A0134,A1470,LS_A0134,비가열,무치기,설탕,seasoning,,120,2.0,200.0,g,0.8333333333333334,-0.1823215567939546,4.787491742782046,0.7528
A1470_LS_A0134,A1470,LS_A0134,비가열,무치기,식초,seasoning,,120,1.0,100.0,g,0.8333333333333334,-0.1823215567939546,4.787491742782046,0.7528
A1470_LS_A0134,A1470,LS_A0134,비가열,무치기,사과,sub,,120,30.0,2000.0,g,0.5555555555555556,-0.587786664902119,4.787491742782046,0.7528
A1470_LS_A0134,A1470,LS_A0134,비가열,무치기,도라지,main,,120,20.0,6000.0,g,2.5,0.9162907318741551,4.787491742782046,0.7528
A0870_LS_A0436,A0870,LS_A0436,건열,튀기기,달걀,sub,,100,32.5,1000.0,g,0.3076923076923077,-1.1786549963416462,4.605170185988092,0.7486
A0870_LS_A0436,A0870,LS_A0436,건열,튀기기,물,sub,water_base,100,50.0,3500.0,g,0.7,-0.35667494393873245,4.605170185988092,0.7486
A0870_LS_A0436,A0870,LS_A0436,건열,튀기기,밀가루,sub,,100,70.0,1500.0,g,0.21428571428571427,-1.540445040947149,4.605170185988092,0.7486
A1938_LS_A0230,A1938,LS_A0230,습열,끓이기(삶기),시금치,main,,100,70.0,6000.0,g,0.8571428571428571,-0.15415067982725836,4.605170185988092,0.7464
A1798_LS_A0216,A1798,LS_A0216,습열,끓이기,북어,main,,100,15.0,1000.0,g,0.6666666666666666,-0.40546510810816444,4.605170185988092,0.7464
A2147_LS_A0482,A2147,LS_A0482,건열,굽기,식용유,sub,oil_fat,100,1.0,200.0,g,2.0,0.6931471805599453,4.605170185988092,0.7464
A2147_LS_A0482,A2147,LS_A0482,건열,굽기,임연수어,main,,100,60.0,10000.0,g,1.6666666666666667,0.5108256237659907,4.605170185988092,0.7464
A1798_LS_A0216,A1798,LS_A0216,습열,끓이기,마늘,seasoning,,100,5.0,100.0,g,0.2,-1.6094379124341003,4.605170185988092,0.7464
A1680_LS_A0349,A1680,LS_A0349,비가열,무치기,고춧가루,sub,,100,1.0,200.0,g,2.0,0.6931471805599453,4.605170185988092,0.7464
A1680_LS_A0349,A1680,LS_A0349,비가열,무치기,마늘,seasoning,,100,1.0,200.0,g,2.0,0.6931471805599453,4.605170185988092,0.7464
A1798_LS_A0216,A1798,LS_A0216,습열,끓이기,대파,sub,,100,5.0,1000.0,g,2.0,0.6931471805599453,4.605170185988092,0.7464
A1938_LS_A0230,A1938,LS_A0230,습열,끓이기(삶기),된장,seasoning,,100,10.0,900.0,g,0.9,-0.10536051565782628,4.605170185988092,0.7464
A1798_LS_A0216,A1798,LS_A0216,습열,끓이기,달걀,sub,,100,20.0,2000.0,g,1.0,0.0,4.605170185988092,0.7464
A1586_LS_A0519,A1586,LS_A0519,습열,졸이기(조리기),대파,sub,,100,5.0,1000.0,g,2.0,0.6931471805599453,4.605170185988092,0.7443
A1432_LS_A0330,A1432,LS_A0330,비가열,무치기,식초,seasoning,,100,1.0,200.0,g,2.0,0.6931471805599453,4.605170185988092,0.7443
A1432_LS_A0330,A1432,LS_A0330,비가열,무치기,설탕,seasoning,,100,1.0,100.0,g,1.0,0.0,4.605170185988092,0.7443
A1432_LS_A0330,A1432,LS_A0330,비가열,무치기,마늘,seasoning,,100,1.0,300.0,g,3.0,1.0986122886681098,4.605170185988092,0.7443
A1432_LS_A0330,A1432,LS_A0330,비가열,무치기,고춧가루,sub,,100,1.0,100.0,g,1.0,0.0,4.605170185988092,0.7443
A1432_LS_A0330,A1432,LS_A0330,비가열,무치기,고추장,sub,,100,2.0,200.0,g,1.0,0.0,4.605170185988092,0.7443
A2144_LS_A0256,A2144,LS_A0256,습열,끓이기(삶기),고사리,sub,,100,20.0,1000.0,g,0.5,-0.6931471805599453,4.605170185988092,0.7419
A2144_LS_A0256,A2144,LS_A0256,습열,끓이기(삶기),숙주나물,sub,water_base,100,20.0,2000.0,g,1.0,0.0,4.605170185988092,0.7419
A2144_LS_A0256,A2144,LS_A0256,습열,끓이기(삶기),마늘,seasoning,,100,5.0,100.0,g,0.2,-1.6094379124341003,4.605170185988092,0.7419
A2144_LS_A0256,A2144,LS_A0256,습열,끓이기(삶기),대파,sub,,100,10.0,2000.0,g,2.0,0.6931471805599453,4.605170185988092,0.7419
A2144_LS_A0256,A2144,LS_A0256,습열,끓이기(삶기),고춧가루,seasoning,,100,5.0,300.0,g,0.6,-0.5108256237659907,4.605170185988092,0.7419
A1875_LS_A0375,A1875,LS_A0375,습열,튀기기,밀가루,sub,,100,3.0,500.0,g,1.6666666666666667,0.5108256237659907,4.605170185988092,0.7402
A1233_LS_A0301,A1233,LS_A0301,건열,볶기,당근,sub,,100,5.0,500.0,g,1.0,0.0,4.605170185988092,0.74
A1899_LS_A0179,A1899,LS_A0179,습열,끓이기,양파,sub,,100,20.0,3000.0,g,1.5,0.4054651081081644,4.605170185988092,0.7375
A1899_LS_A0179,A1899,LS_A0179,습열,끓이기,양배추,sub,,100,30.0,3000.0,g,1.0,0.0,4.605170185988092,0.7375
A1899_LS_A0179,A1899,LS_A0179,습열,끓이기,쌀,main,,100,90.0,12000.0,g,1.3333333333333333,0.28768207245178085,4.605170185988092,0.7375
A1899_LS_A0179,A1899,LS_A0179,습열,끓이기,소고기,main,,100,65.0,2000.0,g,0.3076923076923077,-1.1786549963416462,4.605170185988092,0.7375
A1899_LS_A0179,A1899,LS_A0179,습열,끓이기,멸치,sub,,100,2.0,300.0,g,1.5,0.4054651081081644,4.605170185988092,0.7375
A1899_LS_A0179,A1899,LS_A0179,습열,끓이기,마늘,seasoning,,100,1.0,200.0,g,2.0,0.6931471805599453,4.605170185988092,0.7375
A1899_LS_A0179,A1899,LS_A0179,습열,끓이기,대파,sub,,100,5.0,1000.0,g,2.0,0.6931471805599453,4.605170185988092,0.7375
A1899_LS_A0179,A1899,LS_A0179,습열,끓이기,당근,sub,,100,10.0,1000.0,g,1.0,0.0,4.605170185988092,0.7375
A1899_LS_A0179,A1899,LS_A0179,습열,끓이기,간장,seasoning,,100,5.0,200.0,g,0.4,-0.916290731874155,4.605170185988092,0.7375
A1838_LS_A0265,A1838,LS_A0265,습열,끓이기(삶기),찹쌀,sub,,100,30.0,1000.0,g,0.3333333333333333,-1.0986122886681098,4.605170185988092,0.7354
A0847_LS_A0081,A0847,LS_A0081,습열,끓이기,닭고기,main,,100,90.0,21000.0,g,2.3333333333333335,0.8472978603872037,4.605170185988092,0.7354
A0847_LS_A0081,A0847,LS_A0081,습열,끓이기,대파,sub,,100,15.0,675.0,g,0.45,-0.7985076962177716,4.605170185988092,0.7354
A0847_LS_A0081,A0847,LS_A0081,습열,끓이기,마늘,seasoning,,100,5.0,330.0,g,0.66,-0.4155154439616658,4.605170185988092,0.7354
A0847_LS_A0081,A0847,LS_A0081,습열,끓이기,물,sub,water_base,100,600.0,50000.0,g,0.8333333333333334,-0.1823215567939546,4.605170185988092,0.7354
A1838_LS_A0265,A1838,LS_A0265,습열,끓이기(삶기),대추,sub,,100,5.0,1000.0,g,2.0,0.6931471805599453,4.605170185988092,0.7354
A1838_LS_A0265,A1838,LS_A0265,습열,끓이기(삶기),인삼,sub,,100,2.5,300.0,g,1.2,0.1823215567939546,4.605170185988092,0.7354
A1189_LS_A0302,A1189,LS_A0302,건열,볶기,양파,sub,,100,30.0,1500.0,g,0.5,-0.6931471805599453,4.605170185988092,0.731
A1189_LS_A0302,A1189,LS_A0302,건열,볶기,참깨,seasoning,,100,0.5,70.0,g,1.4,0.3364722366212129,4.605170185988092,0.731
A1189_LS_A0302,A1189,LS_A0302,건열,볶기,가지,main,,100,60.0,8000.0,g,1.3333333333333333,0.28768207245178085,4.605170185988092,0.731
A1189_LS_A0302,A1189,LS_A0302,건열,볶기,식용유,seasoning,oil_fat,100,3.0,500.0,g,1.6666666666666667,0.5108256237659907,4.605170185988092,0.731
A1715_LS_A0351,A1715,LS_A0351,비가열,무치기,마늘,seasoning,,100,1.0,300.0,g,3.0,1.0986122886681098,4.605170185988092,0.7286
A0740_LS_A0224,A0740,LS_A0224,습열,끓이기(삶기),홍고추,sub,,100,1.0,300.0,g,3.0,1.0986122886681098,4.605170185988092,0.7236
A0740_LS_A0224,A0740,LS_A0224,습열,끓이기(삶기),마늘,seasoning,,100,1.0,150.0,g,1.5,0.4054651081081644,4.605170185988092,0.7236
A0740_LS_A0224,A0740,LS_A0224,습열,끓이기(삶기),두부,sub,,100,20.0,5000.0,g,2.5,0.9162907318741551,4.605170185988092,0.7236
A0740_LS_A0224,A0740,LS_A0224,습열,끓이기(삶기),굴,main,,100,20.0,3000.0,g,1.5,0.4054651081081644,4.605170185988092,0.7236
A1181_LS_A0534,A1181,LS_A0534,습열,졸이기(조리기),생강,seasoning,,100,0.5,100.0,g,2.0,0.6931471805599453,4.605170185988092,0.7222
A1181_LS_A0534,A1181,LS_A0534,습열,졸이기(조리기),청주,seasoning,,100,1.0,200.0,g,2.0,0.6931471805599453,4.605170185988092,0.7222
A1665_LS_A0296,A1665,LS_A0296,건열,볶기,식용유,seasoning,oil_fat,100,1.0,200.0,g,2.0,0.6931471805599453,4.605170185988092,0.7221
A1665_LS_A0296,A1665,LS_A0296,건열,볶기,설탕,seasoning,,100,1.0,200.0,g,2.0,0.6931471805599453,4.605170185988092,0.7221
A1665_LS_A0296,A1665,LS_A0296,건열,볶기,생강,seasoning,,100,0.5,30.0,g,0.6,-0.5108256237659907,4.605170185988092,0.7221
A1665_LS_A0296,A1665,LS_A0296,건열,볶기,멸치,main,,100,20.0,800.0,g,0.4,-0.916290731874155,4.605170185988092,0.7221
A1665_LS_A0296,A1665,LS_A0296,건열,볶기,마늘,seasoning,,100,1.0,80.0,g,0.8,-0.2231435513142097,4.605170185988092,0.7221
A1665_LS_A0296,A1665,LS_A0296,건열,볶기,간장,seasoning,,100,3.0,200.0,g,0.6666666666666666,-0.40546510810816444,4.605170185988092,0.7221
A1504_LS_A0266,A1504,LS_A0266,습열,끓이기(삶기),고춧가루,seasoning,,100,1.0,200.0,g,2.0,0.6931471805599453,4.605170185988092,0.7214
A1504_LS_A0266,A1504,LS_A0266,습열,끓이기(삶기),양파,sub,,100,5.0,1000.0,g,2.0,0.6931471805599453,4.605170185988092,0.7214
A1504_LS_A0266,A1504,LS_A0266,습열,끓이기(삶기),마늘,seasoning,,100,1.0,100.0,g,1.0,0.0,4.605170185988092,0.7214
A1504_LS_A0266,A1504,LS_A0266,습열,끓이기(삶기),두부,sub,,100,20.0,3000.0,g,1.5,0.4054651081081644,4.605170185988092,0.7214
A1504_LS_A0266,A1504,LS_A0266,습열,끓이기(삶기),돼지고기,main,,100,10.0,2500.0,g,2.5,0.9162907318741551,4.605170185988092,0.7214
A1504_LS_A0266,A1504,LS_A0266,습열,끓이기(삶기),대파,sub,,100,5.0,400.0,g,0.8,-0.2231435513142097,4.605170185988092,0.7214
A1328_LS_A0234,A1328,LS_A0234,습열,끓이기(삶기),된장,seasoning,,100,10.0,1000.0,g,1.0,0.0,4.605170185988092,0.7207
A1328_LS_A0234,A1328,LS_A0234,습열,끓이기(삶기),근대,main,,100,40.0,7000.0,g,1.75,0.5596157879354227,4.605170185988092,0.7207
A1295_LS_A0320,A1295,LS_A0320,건열,볶기,생강,seasoning,,100,0.5,50.0,g,1.0,0.0,4.605170185988092,0.7207
A1295_LS_A0320,A1295,LS_A0320,건열,볶기,마늘,seasoning,,100,1.0,100.0,g,1.0,0.0,4.605170185988092,0.7207
A2357_LS_A0276,A2357,LS_A0276,습열,끓이기(삶기),멸치,sub,,100,2.0,500.0,g,2.5,0.9162907318741551,4.605170185988092,0.72
A2357_LS_A0276,A2357,LS_A0276,습열,끓이기(삶기),호박,sub,,100,30.0,4000.0,g,1.3333333333333333,0.28768207245178085,4.605170185988092,0.72
A2357_LS_A0276,A2357,LS_A0276,습열,끓이기(삶기),마늘,seasoning,,100,1.0,200.0,g,2.0,0.6931471805599453,4.605170185988092,0.72
A2357_LS_A0276,A2357,LS_A0276,습열,끓이기(삶기),두부,sub,,100,20.0,5000.0,g,2.5,0.9162907318741551,4.605170185988092,0.72
A2357_LS_A0276,A2357,LS_A0276,습열,끓이기(삶기),된장,seasoning,,100,15.0,1500.0,g,1.0,0.0,4.605170185988092,0.72
A2357_LS_A0276,A2357,LS_A0276,습열,끓이기(삶기),대파,sub,,100,5.0,300.0,g,0.6,-0.5108256237659907,4.605170185988092,0.72
A2249_LS_A0184,A2249,LS_A0184,습열,끓이기,양파,sub,,100,10.0,3000.0,g,3.0,1.0986122886681098,4.605170185988092,0.7198
A2249_LS_A0184,A2249,LS_A0184,습열,끓이기,쌀,main,,100,100.0,12000.0,g,1.2,0.1823215567939546,4.605170185988092,0.7198
A2249_LS_A0184,A2249,LS_A0184,습열,끓이기,당근,sub,,100,10.0,2000.0,g,2.0,0.6931471805599453,4.605170185988092,0.7198
A2249_LS_A0184,A2249,LS_A0184,습열,끓이기,감자,sub,,100,30.0,4000.0,g,1.3333333333333333,0.28768207245178085,4.605170185988092,0.7198
A1400_LS_A0311,A1400,LS_A0311,건열,볶기,식용유,seasoning,oil_fat,100,5.0,500.0,g,1.0,0.0,4.605170185988092,0.7182
A1400_LS_A0311,A1400,LS_A0311,건열,볶기,느타리버섯,main,,100,40.0,5000.0,g,1.25,0.22314355131420976,4.605170185988092,0.7182
A1940_LS_A0383,A1940,LS_A0383,비가열,무치기,마늘,seasoning,,100,1.0,200.0,g,2.0,0.6931471805599453,4.605170185988092,0.7182
A1400_LS_A0311,A1400,LS_A0311,건열,볶기,당근,sub,,100,10.0,1000.0,g,1.0,0.0,4.605170185988092,0.7182
A1281_LS_A0098,A1281,LS_A0098,습열,졸이기,고등어,main,,120,60.0,11000.0,g,1.5277777777777777,0.42381424677636087,4.787491742782046,0.7172
A1281_LS_A0098,A1281,LS_A0098,습열,졸이기,대파,sub,,120,5.0,500.0,g,0.8333333333333334,-0.1823215567939546,4.787491742782046,0.7172
A1281_LS_A0098,A1281,LS_A0098,습열,졸이기,무,sub,,120,40.0,6700.0,g,1.3958333333333333,0.3334916084830751,4.787491742782046,0.7172
A1281_LS_A0098,A1281,LS_A0098,습열,졸이기,생강,seasoning,,120,0.5,70.0,g,1.1666666666666667,0.15415067982725836,4.787491742782046,0.7172
A2140_LS_A0227,A2140,LS_A0227,습열,끓이기(삶기),간장,seasoning,,100,1.0,200.0,g,2.0,0.6931471805599453,4.605170185988092,0.7171
A2140_LS_A0227,A2140,LS_A0227,습열,끓이기(삶기),다시마,sub,,100,1.0,200.0,g,2.0,0.6931471805599453,4.605170185988092,0.7171
A2140_LS_A0227,A2140,LS_A0227,습열,끓이기(삶기),두부,main,,100,35.0,5000.0,g,1.4285714285714286,0.3566749439387324,4.605170185988092,0.7171
A2140_LS_A0227,A2140,LS_A0227,습열,끓이기(삶기),마늘,seasoning,,100,1.0,100.0,g,1.0,0.0,4.605170185988092,0.7171
A2140_LS_A0227,A2140,LS_A0227,습열,끓이기(삶기),멸치,sub,,100,2.0,300.0,g,1.5,0.4054651081081644,4.605170185988092,0.7171
A2140_LS_A0227,A2140,LS_A0227,습열,끓이기(삶기),유부,sub,,100,7.0,500.0,g,0.7142857142857143,-0.3364722366212129,4.605170185988092,0.7171
A1931_LS_A0270,A1931,LS_A0270,습열,끓이기(삶기),순두부,main,,100,60.0,15000.0,g,2.5,0.9162907318741551,4.605170185988092,0.7133
A1931_LS_A0270,A1931,LS_A0270,습열,끓이기(삶기),양파,sub,,100,10.0,3000.0,g,3.0,1.0986122886681098,4.605170185988092,0.7133
A1931_LS_A0270,A1931,LS_A0270,습열,끓이기(삶기),마늘,seasoning,,100,1.0,300.0,g,3.0,1.0986122886681098,4.605170185988092,0.7133
A1931_LS_A0270,A1931,LS_A0270,습열,끓이기(삶기),고춧가루,seasoning,,100,1.0,200.0,g,2.0,0.6931471805599453,4.605170185988092,0.7133
A1931_LS_A0270,A1931,LS_A0270,습열,끓이기(삶기),대파,sub,,100,5.0,500.0,g,1.0,0.0,4.605170185988092,0.7133
A1931_LS_A0270,A1931,LS_A0270,습열,끓이기(삶기),조개살,main,,100,10.0,1000.0,g,1.0,0.0,4.605170185988092,0.7133
A1877_LS_A0377,A1877,LS_A0377,비가열,무치기,고춧가루,sub,,100,10.0,300.0,g,0.3,-1.2039728043259361,4.605170185988092,0.7098
A1877_LS_A0377,A1877,LS_A0377,비가열,무치기,마늘,seasoning,,100,5.0,120.0,g,0.24,-1.4271163556401458,4.605170185988092,0.7098
A1877_LS_A0377,A1877,LS_A0377,비가열,무치기,생강,seasoning,,100,2.0,60.0,g,0.3,-1.2039728043259361,4.605170185988092,0.7098
A1624_LS_A0344,A1624,LS_A0344,비가열,무치기,참기름,seasoning,oil_fat,100,1.0,100.0,g,1.0,0.0,4.605170185988092,0.7096
A1624_LS_A0344,A1624,LS_A0344,비가열,무치기,고추장,sub,,100,5.0,500.0,g,1.0,0.0,4.605170185988092,0.7096
A1624_LS_A0344,A1624,LS_A0344,비가열,무치기,물엿,seasoning,,100,2.0,400.0,g,2.0,0.6931471805599453,4.605170185988092,0.7096
A1624_LS_A0344,A1624,LS_A0344,비가열,무치기,설탕,seasoning,,100,1.0,150.0,g,1.5,0.4054651081081644,4.605170185988092,0.7096
A1624_LS_A0344,A1624,LS_A0344,비가열,무치기,마늘,seasoning,,100,1.0,100.0,g,1.0,0.0,4.605170185988092,0.7096
A1037_LS_A0447,A1037,LS_A0447,건열,굽기,소금,seasoning,,100,0.2,50.0,g,2.5,0.9162907318741551,4.605170185988092,0.7057
A1037_LS_A0447,A1037,LS_A0447,건열,굽기,식용유,sub,oil_fat,100,10.0,2000.0,g,2.0,0.6931471805599453,4.605170185988092,0.7057
A1037_LS_A0447,A1037,LS_A0447,건열,굽기,물,sub,water_base,100,10.0,2500.0,g,2.5,0.9162907318741551,4.605170185988092,0.7057
A1037_LS_A0447,A1037,LS_A0447,건열,굽기,밀가루,sub,,100,50.0,1000.0,g,0.2,-1.6094379124341003,4.605170185988092,0.7057
A1320_LS_A0459,A1320,LS_A0459,건열,굽기,부침가루,sub,,100,15.0,1000.0,g,0.6666666666666666,-0.40546510810816444,4.605170185988092,0.7048
A1650_LS_A0346,A1650,LS_A0346,습열,끓이기(삶기),멸치,sub,,100,2.0,120.0,g,0.6,-0.5108256237659907,4.605170185988092,0.7043
A1377_LS_A0298,A1377,LS_A0298,건열,볶기,양파,sub,,100,10.0,2000.0,g,2.0,0.6931471805599453,4.605170185988092,0.7043
A1650_LS_A0346,A1650,LS_A0346,습열,끓이기(삶기),다시마,sub,,100,1.0,100.0,g,1.0,0.0,4.605170185988092,0.7043
A1377_LS_A0298,A1377,LS_A0298,건열,볶기,낙지,main,,100,60.0,10000.0,g,1.6666666666666667,0.5108256237659907,4.605170185988092,0.7043
A1650_LS_A0346,A1650,LS_A0346,습열,끓이기(삶기),가쓰오부시,sub,,100,2.0,150.0,g,0.75,-0.2876820724517809,4.605170185988092,0.7043
A1480_LS_A0337,A1480,LS_A0337,비가열,무치기,간장,seasoning,,100,3.0,500.0,g,1.6666666666666667,0.5108256237659907,4.605170185988092,0.7029
A1480_LS_A0337,A1480,LS_A0337,비가열,무치기,고춧가루,sub,,100,1.0,50.0,g,0.5,-0.6931471805599453,4.605170185988092,0.7029
A1480_LS_A0337,A1480,LS_A0337,비가열,무치기,마늘,seasoning,,100,1.0,100.0,g,1.0,0.0,4.605170185988092,0.7029
A1480_LS_A0337,A1480,LS_A0337,비가열,무치기,설탕,seasoning,,100,0.5,50.0,g,1.0,0.0,4.605170185988092,0.7029
A1480_LS_A0337,A1480,LS_A0337,비가열,무치기,참기름,seasoning,oil_fat,100,1.0,100.0,g,1.0,0.0,4.605170185988092,0.7029
A2231_LS_A0278,A2231,LS_A0278,습열,끓이기(삶기),대파,sub,,100,5.0,500.0,g,1.0,0.0,4.605170185988092,0.7015
A2231_LS_A0278,A2231,LS_A0278,습열,끓이기(삶기),청국장,seasoning,,100,10.0,2000.0,g,2.0,0.6931471805599453,4.605170185988092,0.7015
A1977_LS_A0232,A1977,LS_A0232,습열,끓이기(삶기),아욱,main,,100,40.0,7000.0,g,1.75,0.5596157879354227,4.605170185988092,0.7
A1977_LS_A0232,A1977,LS_A0232,습열,끓이기(삶기),된장,seasoning,,100,5.0,1200.0,g,2.4,0.8754687373538999,4.605170185988092,0.7
A2151_LS_A0500,A2151,LS_A0500,습열,찌기,고등어,main,,100,70.0,12000.0,g,1.7142857142857142,0.5389965007326869,4.605170185988092,0.7
A1517_LS_A0549,A1517,LS_A0549,습열,졸이기(조리기),참기름,seasoning,oil_fat,100,1.0,60.0,g,0.6,-0.5108256237659907,4.605170185988092,0.698
A1801_LS_A0218,A1801,LS_A0218,습열,끓이기,대파,sub,,100,5.0,500.0,g,1.0,0.0,4.605170185988092,0.698
A1801_LS_A0218,A1801,LS_A0218,습열,끓이기,마늘,seasoning,,100,1.0,100.0,g,1.0,0.0,4.605170185988092,0.698
A1801_LS_A0218,A1801,LS_A0218,습열,끓이기,콩나물,main,water_base,100,30.0,5000.0,g,1.6666666666666667,0.5108256237659907,4.605170185988092,0.698
A1801_LS_A0218,A1801,LS_A0218,습열,끓이기,참기름,seasoning,oil_fat,100,1.0,40.0,g,0.4,-0.916290731874155,4.605170185988092,0.698
A1237_LS_A0267,A1237,LS_A0267,습열,끓이기(삶기),된장,seasoning,,100,30.0,2400.0,g,0.8,-0.2231435513142097,4.605170185988092,0.6937
A1237_LS_A0267,A1237,LS_A0267,습열,끓이기(삶기),고춧가루,seasoning,,100,1.0,150.0,g,1.5,0.4054651081081644,4.605170185988092,0.6937
A1237_LS_A0267,A1237,LS_A0267,습열,끓이기(삶기),대파,sub,,100,5.0,500.0,g,1.0,0.0,4.605170185988092,0.6937
A1237_LS_A0267,A1237,LS_A0267,습열,끓이기(삶기),두부,sub,,100,30.0,3000.0,g,1.0,0.0,4.605170185988092,0.6937
A1237_LS_A0267,A1237,LS_A0267,습열,끓이기(삶기),마늘,seasoning,,100,1.0,150.0,g,1.5,0.4054651081081644,4.605170185988092,0.6937
A1237_LS_A0267,A1237,LS_A0267,습열,끓이기(삶기),생강,seasoning,,100,0.5,30.0,g,0.6,-0.5108256237659907,4.605170185988092,0.6937
A1237_LS_A0267,A1237,LS_A0267,습열,끓이기(삶기),양파,sub,,100,10.0,2000.0,g,2.0,0.6931471805599453,4.605170185988092,0.6937
A1237_LS_A0267,A1237,LS_A0267,습열,끓이기(삶기),풋고추,sub,,100,5.0,200.0,g,0.4,-0.916290731874155,4.605170185988092,0.6937
A1936_LS_A0457,A1936,LS_A0457,건열,굽기,달걀,main,,100,50.0,7500.0,g,1.5,0.4054651081081644,4.605170185988092,0.6932
A1936_LS_A0457,A1936,LS_A0457,건열,굽기,당근,sub,,100,5.0,1000.0,g,2.0,0.6931471805599453,4.605170185988092,0.6932
A1936_LS_A0457,A1936,LS_A0457,건열,굽기,양파,sub,,100,5.0,1000.0,g,2.0,0.6931471805599453,4.605170185988092,0.6932
A1951_LS_A0235,A1951,LS_A0235,습열,끓이기(삶기),마늘,seasoning,,100,1.0,300.0,g,3.0,1.0986122886681098,4.605170185988092,0.6903
A1951_LS_A0235,A1951,LS_A0235,습열,끓이기(삶기),대파,sub,,100,5.0,300.0,g,0.6,-0.5108256237659907,4.605170185988092,0.6903
A1951_LS_A0235,A1951,LS_A0235,습열,끓이기(삶기),멸치,sub,,100,2.0,600.0,g,3.0,1.0986122886681098,4.605170185988092,0.6903
A1951_LS_A0235,A1951,LS_A0235,습열,끓이기(삶기),된장,seasoning,,100,15.0,1500.0,g,1.0,0.0,4.605170185988092,0.6903
A1681_LS_A0113,A1681,LS_A0113,비가열,무치기,무,main,,300,30.0,24000.0,g,2.6666666666666665,0.9808292530117262,5.703782474656201,0.6893
A2000_LS_A0357,A2000,LS_A0357,비가열,절이기(담그기),마늘,seasoning,,100,1.0,140.0,g,1.4,0.3364722366212129,4.605170185988092,0.6884
A2000_LS_A0357,A2000,LS_A0357,비가열,절이기(담그기),설탕,seasoning,,100,1.0,100.0,g,1.0,0.0,4.605170185988092,0.6884
A2000_LS_A0357,A2000,LS_A0357,비가열,절이기(담그기),생강,seasoning,,100,0.5,50.0,g,1.0,0.0,4.605170185988092,0.6884
A2000_LS_A0357,A2000,LS_A0357,비가열,절이기(담그기),실파,sub,,100,5.0,200.0,g,0.4,-0.916290731874155,4.605170185988092,0.6884
A0697_LS_A0236,A0697,LS_A0236,습열,끓이기(삶기),물,sub,water_base,100,300.0,25000.0,g,0.8333333333333334,-0.1823215567939546,4.605170185988092,0.6856
A0697_LS_A0236,A0697,LS_A0236,습열,끓이기(삶기),생강즙,seasoning,,100,0.5,20.0,g,0.4,-0.916290731874155,4.605170185988092,0.6856
A0697_LS_A0236,A0697,LS_A0236,습열,끓이기(삶기),대파,sub,,100,10.0,300.0,g,0.3,-1.2039728043259361,4.605170185988092,0.6856
A0697_LS_A0236,A0697,LS_A0236,습열,끓이기(삶기),마늘,seasoning,,100,0.5,150.0,g,3.0,1.0986122886681098,4.605170185988092,0.6856
A0697_LS_A0236,A0697,LS_A0236,습열,끓이기(삶기),멸치,sub,,100,5.0,300.0,g,0.6,-0.5108256237659907,4.605170185988092,0.6856
A1784_LS_A0365,A1784,LS_A0365,비가열,무치기,참기름,seasoning,oil_fat,100,1.0,20.0,g,0.2,-1.6094379124341003,4.605170185988092,0.6846
A1784_LS_A0365,A1784,LS_A0365,비가열,무치기,마늘,seasoning,,100,1.0,300.0,g,3.0,1.0986122886681098,4.605170185988092,0.6846
A1737_LS_A0552,A1737,LS_A0552,습열,졸이기(조리기),양파,sub,,100,10.0,3000.0,g,3.0,1.0986122886681098,4.605170185988092,0.6846
A1737_LS_A0552,A1737,LS_A0552,습열,졸이기(조리기),미트볼,main,,100,60.0,12000.0,g,2.0,0.6931471805599453,4.605170185988092,0.6846
A2234_LS_A0412,A2234,LS_A0412,비가열,무치기,설탕,seasoning,,100,1.0,100.0,g,1.0,0.0,4.605170185988092,0.6843
A2234_LS_A0412,A2234,LS_A0412,비가열,무치기,참기름,seasoning,oil_fat,100,1.0,100.0,g,1.0,0.0,4.605170185988092,0.6843
A2234_LS_A0412,A2234,LS_A0412,비가열,무치기,마늘,seasoning,,100,1.0,200.0,g,2.0,0.6931471805599453,4.605170185988092,0.6843
A1502_LS_A0171,A1502,LS_A0171,건열,볶기,참깨,seasoning,,100,0.5,100.0,g,2.0,0.6931471805599453,4.605170185988092,0.6833
A1502_LS_A0171,A1502,LS_A0171,건열,볶기,당근,sub,,100,10.0,1000.0,g,1.0,0.0,4.605170185988092,0.6833
A1502_LS_A0171,A1502,LS_A0171,건열,볶기,마늘,seasoning,,100,1.0,150.0,g,1.5,0.4054651081081644,4.605170185988092,0.6833
A1502_LS_A0171,A1502,LS_A0171,건열,볶기,양파,sub,,100,20.0,2000.0,g,1.0,0.0,4.605170185988092,0.6833
A1502_LS_A0171,A1502,LS_A0171,건열,볶기,쌀,main,,100,90.0,10000.0,g,1.1111111111111112,0.10536051565782635,4.605170185988092,0.6833
A1543_LS_A0460,A1543,LS_A0460,건열,굽기,밀가루,sub,,100,5.0,500.0,g,1.0,0.0,4.605170185988092,0.6828
A1543_LS_A0460,A1543,LS_A0460,건열,굽기,식용유,sub,oil_fat,100,2.0,500.0,g,2.5,0.9162907318741551,4.605170185988092,0.6828
A1677_LS_A0532,A1677,LS_A0532,습열,끓이기(삶기),대파,sub,,100,3.0,400.0,g,1.3333333333333333,0.28768207245178085,4.605170185988092,0.6811
A1677_LS_A0532,A1677,LS_A0532,습열,끓이기(삶기),돼지고기,main,,100,100.0,24000.0,g,2.4,0.8754687373538999,4.605170185988092,0.6811
A1677_LS_A0532,A1677,LS_A0532,습열,끓이기(삶기),마늘,seasoning,,100,2.0,200.0,g,1.0,0.0,4.605170185988092,0.6811
A1677_LS_A0532,A1677,LS_A0532,습열,끓이기(삶기),된장,seasoning,,100,10.0,3000.0,g,3.0,1.0986122886681098,4.605170185988092,0.6811
A1677_LS_A0532,A1677,LS_A0532,습열,끓이기(삶기),후추,seasoning,,100,1.0,100.0,g,1.0,0.0,4.605170185988092,0.6811
A1677_LS_A0532,A1677,LS_A0532,습열,끓이기(삶기),생강,seasoning,,100,1.0,200.0,g,2.0,0.6931471805599453,4.605170185988092,0.6811
A2166_LS_A0036,A2166,LS_A0036,건열,볶기,고추장,seasoning,,100,10.0,1000.0,g,1.0,0.0,4.605170185988092,0.681
A2166_LS_A0036,A2166,LS_A0036,건열,볶기,돼지고기,main,,100,70.0,10000.0,g,1.4285714285714286,0.3566749439387324,4.605170185988092,0.681
A2166_LS_A0036,A2166,LS_A0036,건열,볶기,물엿,seasoning,,100,2.0,300.0,g,1.5,0.4054651081081644,4.605170185988092,0.681
A2166_LS_A0036,A2166,LS_A0036,건열,볶기,양파,sub,,100,10.0,2000.0,g,2.0,0.6931471805599453,4.605170185988092,0.681
A2084_LS_A0175,A2084,LS_A0175,건열,볶기,마늘,seasoning,,100,1.0,70.0,g,0.7,-0.35667494393873245,4.605170185988092,0.6806
A2084_LS_A0175,A2084,LS_A0175,건열,볶기,오징어,main,,100,50.0,7000.0,g,1.4,0.3364722366212129,4.605170185988092,0.6806
A2084_LS_A0175,A2084,LS_A0175,건열,볶기,양파,sub,,100,20.0,2000.0,g,1.0,0.0,4.605170185988092,0.6806
A2084_LS_A0175,A2084,LS_A0175,건열,볶기,양배추,sub,,100,30.0,1500.0,g,0.5,-0.6931471805599453,4.605170185988092,0.6806
A2084_LS_A0175,A2084,LS_A0175,건열,볶기,쌀,main,,100,90.0,10000.0,g,1.1111111111111112,0.10536051565782635,4.605170185988092,0.6806
A2084_LS_A0175,A2084,LS_A0175,건열,볶기,대파,sub,,100,5.0,200.0,g,0.4,-0.916290731874155,4.605170185988092,0.6806
A2084_LS_A0175,A2084,LS_A0175,건열,볶기,당근,sub,,100,10.0,1500.0,g,1.5,0.4054651081081644,4.605170185988092,0.6806
A1735_LS_A0420,A1735,LS_A0420,비가열,무치기,참기름,seasoning,oil_fat,100,1.0,200.0,g,2.0,0.6931471805599453,4.605170185988092,0.6797
A1735_LS_A0420,A1735,LS_A0420,비가열,무치기,마늘,seasoning,,100,1.0,100.0,g,1.0,0.0,4.605170185988092,0.6797
A0014_LS_A0229,A0014,LS_A0229,습열,끓이기(삶기),된장,seasoning,,100,7.0,1000.0,g,1.4285714285714286,0.3566749439387324,4.605170185988092,0.6795
A0014_LS_A0229,A0014,LS_A0229,습열,끓이기(삶기),배추,main,,100,120.0,7000.0,g,0.5833333333333334,-0.5389965007326869,4.605170185988092,0.6795
A1698_LS_A0425,A1698,LS_A0425,비가열,무치기,식초,seasoning,,100,5.0,400.0,g,0.8,-0.2231435513142097,4.605170185988092,0.6792
A1698_LS_A0425,A1698,LS_A0425,비가열,무치기,설탕,seasoning,,100,5.0,200.0,g,0.4,-0.916290731874155,4.605170185988092,0.6792
A2267_LS_A0066,A2267,LS_A0066,습열,끓이기,콩나물,main,water_base,100,40.0,5000.0,g,1.25,0.22314355131420976,4.605170185988092,0.6782
A2267_LS_A0066,A2267,LS_A0066,습열,끓이기,멸치,sub,,100,2.0,300.0,g,1.5,0.4054651081081644,4.605170185988092,0.6782
A2267_LS_A0066,A2267,LS_A0066,습열,끓이기,마늘,seasoning,,100,1.0,200.0,g,2.0,0.6931471805599453,4.605170185988092,0.6782
A1461_LS_A0079,A1461,LS_A0079,습열,끓이기,멸치,sub,,100,2.0,200.0,g,1.0,0.0,4.605170185988092,0.6782
A1461_LS_A0079,A1461,LS_A0079,습열,끓이기,대파,sub,,100,5.0,200.0,g,0.4,-0.916290731874155,4.605170185988092,0.6782
A2267_LS_A0066,A2267,LS_A0066,습열,끓이기,다시마,sub,,100,1.0,200.0,g,2.0,0.6931471805599453,4.605170185988092,0.6782
A2267_LS_A0066,A2267,LS_A0066,습열,끓이기,대파,sub,,100,5.0,200.0,g,0.4,-0.916290731874155,4.605170185988092,0.6782
A0040_LS_A0241,A0040,LS_A0241,습열,끓이기(삶기),감자,sub,,100,10.0,2000.0,g,2.0,0.6931471805599453,4.605170185988092,0.6774
A0040_LS_A0241,A0040,LS_A0241,습열,끓이기(삶기),양파,sub,,100,10.0,500.0,g,0.5,-0.6931471805599453,4.605170185988092,0.6774
A0040_LS_A0241,A0040,LS_A0241,습열,끓이기(삶기),물,sub,water_base,100,300.0,25000.0,g,0.8333333333333334,-0.1823215567939546,4.605170185988092,0.6774
A0040_LS_A0241,A0040,LS_A0241,습열,끓이기(삶기),두부,sub,,100,20.0,2000.0,g,1.0,0.0,4.605170185988092,0.6774
A1590_LS_A0184,A1590,LS_A0184,습열,끓이기,카레가루,seasoning,,100,20.0,400.0,g,0.2,-1.6094379124341003,4.605170185988092,0.6766
A1721_LS_A0239,A1721,LS_A0239,습열,끓이기(삶기),멸치,sub,,100,2.0,500.0,g,2.5,0.9162907318741551,4.605170185988092,0.6749
A1721_LS_A0239,A1721,LS_A0239,습열,끓이기(삶기),두부,sub,,100,30.0,2000.0,g,0.6666666666666666,-0.40546510810816444,4.605170185988092,0.6749
A1721_LS_A0239,A1721,LS_A0239,습열,끓이기(삶기),된장,seasoning,,100,15.0,2000.0,g,1.3333333333333333,0.28768207245178085,4.605170185988092,0.6749
A1721_LS_A0239,A1721,LS_A0239,습열,끓이기(삶기),다시마,sub,,100,1.0,100.0,g,1.0,0.0,4.605170185988092,0.6749
A1462_LS_A0253,A1462,LS_A0253,습열,끓이기(삶기),콩나물,sub,water_base,100,20.0,2000.0,g,1.0,0.0,4.605170185988092,0.6749
A1462_LS_A0253,A1462,LS_A0253,습열,끓이기(삶기),무,sub,,100,30.0,4000.0,g,1.3333333333333333,0.28768207245178085,4.605170185988092,0.6749
A1462_LS_A0253,A1462,LS_A0253,습열,끓이기(삶기),마늘,seasoning,,100,5.0,200.0,g,0.4,-0.916290731874155,4.605170185988092,0.6749
A1462_LS_A0253,A1462,LS_A0253,습열,끓이기(삶기),대파,sub,,100,10.0,400.0,g,0.4,-0.916290731874155,4.605170185988092,0.6749
A1462_LS_A0253,A1462,LS_A0253,습열,끓이기(삶기),대구,main,,100,40.0,10000.0,g,2.5,0.9162907318741551,4.605170185988092,0.6749
A1721_LS_A0239,A1721,LS_A0239,습열,끓이기(삶기),실파,sub,,100,2.0,200.0,g,1.0,0.0,4.605170185988092,0.6749
A1814_LS_A0368,A1814,LS_A0368,습열,끓이기(삶기),당근,sub,,100,10.0,500.0,g,0.5,-0.6931471805599453,4.605170185988092,0.6717
A1547_LS_A0460,A1547,LS_A0460,건열,굽기,달걀,sub,,100,20.0,2000.0,g,1.0,0.0,4.605170185988092,0.6715
A1907_LS_A0173,A1907,LS_A0173,건열,볶기,당근,sub,,100,5.0,1000.0,g,2.0,0.6931471805599453,4.605170185988092,0.6713
A1907_LS_A0173,A1907,LS_A0173,건열,볶기,마늘,seasoning,,100,1.0,200.0,g,2.0,0.6931471805599453,4.605170185988092,0.6713
A1907_LS_A0173,A1907,LS_A0173,건열,볶기,소고기,main,,100,10.0,2500.0,g,2.5,0.9162907318741551,4.605170185988092,0.6713
A1907_LS_A0173,A1907,LS_A0173,건열,볶기,양파,sub,,100,10.0,2000.0,g,2.0,0.6931471805599453,4.605170185988092,0.6713
A1425_LS_A0568,A1425,LS_A0568,습열,볶기,마늘,seasoning,,100,1.0,200.0,g,2.0,0.6931471805599453,4.605170185988092,0.6696
A2080_LS_A0321,A2080,LS_A0321,비가열,무치기,마늘,seasoning,,100,1.0,40.0,g,0.4,-0.916290731874155,4.605170185988092,0.6696
A2080_LS_A0321,A2080,LS_A0321,비가열,무치기,설탕,seasoning,,100,0.5,100.0,g,2.0,0.6931471805599453,4.605170185988092,0.6696
A1425_LS_A0568,A1425,LS_A0568,습열,볶기,설탕,seasoning,,100,1.0,100.0,g,1.0,0.0,4.605170185988092,0.6696
A2080_LS_A0321,A2080,LS_A0321,비가열,무치기,식초,seasoning,,100,1.0,120.0,g,1.2,0.1823215567939546,4.605170185988092,0.6696
A2080_LS_A0321,A2080,LS_A0321,비가열,무치기,고춧가루,sub,,100,1.0,130.0,g,1.3,0.26236426446749106,4.605170185988092,0.6696
A1231_LS_A0518,A1231,LS_A0518,습열,졸이기(조리기),감자,main,,100,85.0,24000.0,g,2.823529411764706,1.037987666851675,4.605170185988092,0.6689
A1610_LS_A0245,A1610,LS_A0245,습열,끓이기(삶기),간장,seasoning,,100,1.0,100.0,g,1.0,0.0,4.605170185988092,0.6683
A1610_LS_A0245,A1610,LS_A0245,습열,끓이기(삶기),대파,sub,,100,5.0,400.0,g,0.8,-0.2231435513142097,4.605170185988092,0.6683
A1610_LS_A0245,A1610,LS_A0245,습열,끓이기(삶기),달걀,sub,,100,15.0,1650.0,g,1.1,0.09531017980432493,4.605170185988092,0.6683
A1610_LS_A0245,A1610,LS_A0245,습열,끓이기(삶기),김가루,sub,,100,2.0,50.0,g,0.25,-1.3862943611198906,4.605170185988092,0.6683
A1909_LS_A0293,A1909,LS_A0293,건열,볶기,소고기,main,,100,60.0,9000.0,g,1.5,0.4054651081081644,4.605170185988092,0.6667
A1747_LS_A0139,A1747,LS_A0139,비가열,무치기,고춧가루,seasoning,,80,1.0,200.0,g,2.5,0.9162907318741551,4.382026634673881,0.6636
A1747_LS_A0139,A1747,LS_A0139,비가열,무치기,마늘,seasoning,,80,1.0,200.0,g,2.5,0.9162907318741551,4.382026634673881,0.6636
A0855_LS_A0313,A0855,LS_A0313,건열,볶기,식용유,seasoning,oil_fat,100,3.0,500.0,g,1.6666666666666667,0.5108256237659907,4.605170185988092,0.6627
A0855_LS_A0313,A0855,LS_A0313,건열,볶기,돼지고기,sub,,100,20.0,2000.0,g,1.0,0.0,4.605170185988092,0.6627
A0855_LS_A0313,A0855,LS_A0313,건열,볶기,달걀,sub,,100,30.0,8250.0,g,2.75,1.0116009116784799,4.605170185988092,0.6627
A0855_LS_A0313,A0855,LS_A0313,건열,볶기,간장,seasoning,,100,2.0,600.0,g,3.0,1.0986122886681098,4.605170185988092,0.6627
A0626_LS_A0355,A0626,LS_A0355,비가열,무치기,마늘,seasoning,,100,1.0,100.0,g,1.0,0.0,4.605170185988092,0.662
A0626_LS_A0355,A0626,LS_A0355,비가열,무치기,참기름,seasoning,oil_fat,100,0.5,30.0,g,0.6,-0.5108256237659907,4.605170185988092,0.662
A0626_LS_A0355,A0626,LS_A0355,비가열,무치기,소금,seasoning,,100,0.1,30.0,g,3.0,1.0986122886681098,4.605170185988092,0.662
A0626_LS_A0355,A0626,LS_A0355,비가열,무치기,생강,seasoning,,100,0.5,50.0,g,1.0,0.0,4.605170185988092,0.662
A1224_LS_A0454,A1224,LS_A0454,건열,굽기,감자,main,,100,60.0,5000.0,g,0.8333333333333334,-0.1823215567939546,4.605170185988092,0.6619
A1224_LS_A0454,A1224,LS_A0454,건열,굽기,식용유,sub,oil_fat,100,5.0,500.0,g,1.0,0.0,4.605170185988092,0.6619
A1299_LS_A0269,A1299,LS_A0269,습열,끓이기(삶기),고추장,seasoning,,100,7.0,1200.0,g,1.7142857142857142,0.5389965007326869,4.605170185988092,0.6607
A1299_LS_A0269,A1299,LS_A0269,습열,끓이기(삶기),대파,sub,,100,5.0,700.0,g,1.4,0.3364722366212129,4.605170185988092,0.6607
A1299_LS_A0269,A1299,LS_A0269,습열,끓이기(삶기),마늘,seasoning,,100,5.0,150.0,g,0.3,-1.2039728043259361,4.605170185988092,0.6607
A1299_LS_A0269,A1299,LS_A0269,습열,끓이기(삶기),양파,sub,,100,10.0,1000.0,g,1.0,0.0,4.605170185988092,0.6607
A1299_LS_A0269,A1299,LS_A0269,습열,끓이기(삶기),풋고추,sub,,100,5.0,150.0,g,0.3,-1.2039728043259361,4.605170185988092,0.6607
A1792_LS_A0450,A1792,LS_A0450,건열,굽기,부추,main,,100,15.0,4000.0,g,2.6666666666666665,0.9808292530117262,4.605170185988092,0.6598
A1792_LS_A0450,A1792,LS_A0450,건열,굽기,부침가루,sub,,100,15.0,1000.0,g,0.6666666666666666,-0.40546510810816444,4.605170185988092,0.6598
A0887_LS_A0291,A0887,LS_A0291,건열,볶기,돼지고기,main,,100,40.0,9000.0,g,2.25,0.8109302162163288,4.605170185988092,0.6595
A0887_LS_A0291,A0887,LS_A0291,건열,볶기,식용유,seasoning,oil_fat,100,2.0,200.0,g,1.0,0.0,4.605170185988092,0.6595
A0887_LS_A0291,A0887,LS_A0291,건열,볶기,생강,seasoning,,100,3.0,100.0,g,0.3333333333333333,-1.0986122886681098,4.605170185988092,0.6595
A0887_LS_A0291,A0887,LS_A0291,건열,볶기,간장,seasoning,,100,5.0,100.0,g,0.2,-1.6094379124341003,4.605170185988092,0.6595
A0887_LS_A0291,A0887,LS_A0291,건열,볶기,대파,sub,,100,5.0,1000.0,g,2.0,0.6931471805599453,4.605170185988092,0.6595
A1354_LS_A0508,A1354,LS_A0508,습열,찌기,고춧가루,seasoning,,100,2.0,200.0,g,1.0,0.0,4.605170185988092,0.6595
A1354_LS_A0508,A1354,LS_A0508,습열,찌기,깻잎,main,,100,20.0,3000.0,g,1.5,0.4054651081081644,4.605170185988092,0.6595
A1905_LS_A0215,A1905,LS_A0215,습열,끓이기,소고기,sub,,100,20.0,1500.0,g,0.75,-0.2876820724517809,4.605170185988092,0.6595
A1840_LS_A0419,A1840,LS_A0419,비가열,무치기,겨자가루,sub,,100,2.0,80.0,g,0.4,-0.916290731874155,4.605170185988092,0.6583
A1840_LS_A0419,A1840,LS_A0419,비가열,무치기,마늘,seasoning,,100,1.0,200.0,g,2.0,0.6931471805599453,4.605170185988092,0.6583
A0783_LS_A0394,A0783,LS_A0394,비가열,절이기(담그기),고춧가루,sub,,100,2.0,200.0,g,1.0,0.0,4.605170185988092,0.6579
A0783_LS_A0394,A0783,LS_A0394,비가열,절이기(담그기),마늘,seasoning,,100,3.0,80.0,g,0.26666666666666666,-1.3217558399823195,4.605170185988092,0.6579
A0783_LS_A0394,A0783,LS_A0394,비가열,절이기(담그기),생강,seasoning,,100,1.0,40.0,g,0.4,-0.916290731874155,4.605170185988092,0.6579
A1566_LS_A0237,A1566,LS_A0237,습열,끓이기(삶기),마늘,seasoning,,100,4.0,100.0,g,0.25,-1.3862943611198906,4.605170185988092,0.6578
A1236_LS_A0267,A1236,LS_A0267,습열,끓이기(삶기),표고버섯,sub,,100,5.0,300.0,g,0.6,-0.5108256237659907,4.605170185988092,0.6571
A1386_LS_A0171,A1386,LS_A0171,건열,볶기,청피망,sub,,100,10.0,400.0,g,0.4,-0.916290731874155,4.605170185988092,0.6565
A1386_LS_A0171,A1386,LS_A0171,건열,볶기,햄,sub,,100,20.0,2000.0,g,1.0,0.0,4.605170185988092,0.6565
A1511_LS_A0305,A1511,LS_A0305,건열,볶기,참기름,seasoning,oil_fat,100,1.0,100.0,g,1.0,0.0,4.605170185988092,0.654
A1511_LS_A0305,A1511,LS_A0305,건열,볶기,참깨,seasoning,,100,0.3,50.0,g,1.6666666666666667,0.5108256237659907,4.605170185988092,0.654
A1511_LS_A0305,A1511,LS_A0305,건열,볶기,간장,seasoning,,100,3.0,500.0,g,1.6666666666666667,0.5108256237659907,4.605170185988092,0.654
A0574_LS_A0229,A0574,LS_A0229,습열,끓이기(삶기),마늘,seasoning,,100,1.25,100.0,g,0.8,-0.2231435513142097,4.605170185988092,0.6536
A0574_LS_A0229,A0574,LS_A0229,습열,끓이기(삶기),소고기,main,,100,15.0,2000.0,g,1.3333333333333333,0.28768207245178085,4.605170185988092,0.6536
A0574_LS_A0229,A0574,LS_A0229,습열,끓이기(삶기),대파,sub,,100,2.5,100.0,g,0.4,-0.916290731874155,4.605170185988092,0.6536
A0012_LS_A0139,A0012,LS_A0139,비가열,무치기,생강,seasoning,,80,1.0,100.0,g,1.25,0.22314355131420976,4.382026634673881,0.6536
A2062_LS_A0185,A2062,LS_A0185,건열,볶기,양파,sub,,100,20.0,2500.0,g,1.25,0.22314355131420976,4.605170185988092,0.6528
A2062_LS_A0185,A2062,LS_A0185,건열,볶기,토마토케첩,seasoning,,100,10.0,1500.0,g,1.5,0.4054651081081644,4.605170185988092,0.6528
A2062_LS_A0185,A2062,LS_A0185,건열,볶기,쌀,main,,100,90.0,13000.0,g,1.4444444444444444,0.36772478012531734,4.605170185988092,0.6528
A2062_LS_A0185,A2062,LS_A0185,건열,볶기,당근,sub,,100,10.0,1500.0,g,1.5,0.4054651081081644,4.605170185988092,0.6528
A1800_LS_A0321,A1800,LS_A0321,비가열,무치기,실파,sub,,100,5.0,700.0,g,1.4,0.3364722366212129,4.605170185988092,0.6525
A1800_LS_A0321,A1800,LS_A0321,비가열,무치기,물엿,seasoning,,100,3.0,550.0,g,1.8333333333333333,0.6061358035703155,4.605170185988092,0.6525
A1800_LS_A0321,A1800,LS_A0321,비가열,무치기,고추장,sub,,100,3.0,500.0,g,1.6666666666666667,0.5108256237659907,4.605170185988092,0.6525
A1304_LS_A0264,A1304,LS_A0264,습열,끓이기(삶기),마늘,seasoning,,100,1.0,200.0,g,2.0,0.6931471805599453,4.605170185988092,0.6516
A1304_LS_A0264,A1304,LS_A0264,습열,끓이기(삶기),양파,sub,,100,10.0,1000.0,g,1.0,0.0,4.605170185988092,0.6516
A1304_LS_A0264,A1304,LS_A0264,습열,끓이기(삶기),생강,seasoning,,100,1.0,50.0,g,0.5,-0.6931471805599453,4.605170185988092,0.6516
A1304_LS_A0264,A1304,LS_A0264,습열,끓이기(삶기),대파,sub,,100,5.0,300.0,g,0.6,-0.5108256237659907,4.605170185988092,0.6516
A2274_LS_A0420,A2274,LS_A0420,비가열,무치기,간장,seasoning,,100,10.0,500.0,g,0.5,-0.6931471805599453,4.605170185988092,0.6504
A2274_LS_A0420,A2274,LS_A0420,비가열,무치기,고춧가루,sub,,100,1.0,200.0,g,2.0,0.6931471805599453,4.605170185988092,0.6504
A1659_LS_A0104,A1659,LS_A0104,습열,찌기,실파,sub,,100,2.0,50.0,g,0.25,-1.3862943611198906,4.605170185988092,0.65
A1659_LS_A0104,A1659,LS_A0104,습열,찌기,깻잎,main,,100,10.0,630.0,g,0.63,-0.4620354595965587,4.605170185988092,0.65
A1659_LS_A0104,A1659,LS_A0104,습열,찌기,참깨,seasoning,,100,0.5,20.0,g,0.4,-0.916290731874155,4.605170185988092,0.65
A1659_LS_A0104,A1659,LS_A0104,습열,찌기,고춧가루,seasoning,,100,1.0,20.0,g,0.2,-1.6094379124341003,4.605170185988092,0.65
A1659_LS_A0104,A1659,LS_A0104,습열,찌기,간장,seasoning,,100,5.0,270.0,g,0.54,-0.616186139423817,4.605170185988092,0.65
A1659_LS_A0104,A1659,LS_A0104,습열,찌기,참기름,seasoning,oil_fat,100,1.0,30.0,g,0.3,-1.2039728043259361,4.605170185988092,0.65
A0696_LS_A0518,A0696,LS_A0518,습열,졸이기(조리기),설탕,seasoning,,100,10.0,1000.0,g,1.0,0.0,4.605170185988092,0.6495
A0696_LS_A0518,A0696,LS_A0518,습열,졸이기(조리기),물,sub,water_base,100,200.0,4000.0,g,0.2,-1.6094379124341003,4.605170185988092,0.6495
A0696_LS_A0518,A0696,LS_A0518,습열,졸이기(조리기),간장,seasoning,,100,15.0,2000.0,g,1.3333333333333333,0.28768207245178085,4.605170185988092,0.6495
A0468_LS_A0352,A0468,LS_A0352,건열,굽기,당근,sub,,100,20.0,600.0,g,0.3,-1.2039728043259361,4.605170185988092,0.6488
A0468_LS_A0352,A0468,LS_A0352,건열,굽기,소금,seasoning,,100,0.3,60.0,g,2.0,0.6931471805599453,4.605170185988092,0.6488
A2308_LS_E0012,A2308,LS_E0012,습열,끓이기,건새우,sub,,100,1.0,40.0,g,0.4,-0.916290731874155,4.605170185988092,0.6485
A2308_LS_E0012,A2308,LS_E0012,습열,끓이기,마늘,seasoning,,100,1.0,40.0,g,0.4,-0.916290731874155,4.605170185988092,0.6485
A2308_LS_E0012,A2308,LS_E0012,습열,끓이기,두부,sub,,100,20.0,800.0,g,0.4,-0.916290731874155,4.605170185988092,0.6485
A2308_LS_E0012,A2308,LS_E0012,습열,끓이기,다시마,sub,,100,1.0,100.0,g,1.0,0.0,4.605170185988092,0.6485
A2308_LS_E0012,A2308,LS_E0012,습열,끓이기,팽이버섯,sub,,100,10.0,3000.0,g,3.0,1.0986122886681098,4.605170185988092,0.6485
A2308_LS_E0012,A2308,LS_E0012,습열,끓이기,멸치,sub,,100,2.0,100.0,g,0.5,-0.6931471805599453,4.605170185988092,0.6485
A1623_LS_A0305,A1623,LS_A0305,건열,볶기,식용유,seasoning,oil_fat,100,3.0,300.0,g,1.0,0.0,4.605170185988092,0.6479
A2091_LS_A0401,A2091,LS_A0401,비가열,무치기,물엿,seasoning,,100,5.0,250.0,g,0.5,-0.6931471805599453,4.605170185988092,0.6474
A2091_LS_A0401,A2091,LS_A0401,비가열,무치기,고추장,sub,,100,10.0,700.0,g,0.7,-0.35667494393873245,4.605170185988092,0.6474
A2091_LS_A0401,A2091,LS_A0401,비가열,무치기,식초,seasoning,,100,3.0,350.0,g,1.1666666666666667,0.15415067982725836,4.605170185988092,0.6474
A1781_LS_A0355,A1781,LS_A0355,비가열,무치기,참깨,seasoning,,100,0.3,20.0,g,0.6666666666666666,-0.40546510810816444,4.605170185988092,0.6473
A1781_LS_A0355,A1781,LS_A0355,비가열,무치기,설탕,seasoning,,100,0.5,150.0,g,3.0,1.0986122886681098,4.605170185988092,0.6473
A1781_LS_A0355,A1781,LS_A0355,비가열,무치기,멸치액젓,sub,,100,1.0,250.0,g,2.5,0.9162907318741551,4.605170185988092,0.6473
A1228_LS_A0301,A1228,LS_A0301,건열,볶기,참기름,seasoning,oil_fat,100,1.0,20.0,g,0.2,-1.6094379124341003,4.605170185988092,0.6471
A1516_LS_A0270,A1516,LS_A0270,습열,끓이기(삶기),돼지고기,main,,100,15.0,2000.0,g,1.3333333333333333,0.28768207245178085,4.605170185988092,0.6467
A1960_LS_A0139,A1960,LS_A0139,비가열,무치기,무,main,,80,70.0,8000.0,g,1.4285714285714286,0.3566749439387324,4.382026634673881,0.6464
A2296_LS_A0217,A2296,LS_A0217,습열,끓이기,소고기,sub,,100,30.0,2000.0,g,0.6666666666666666,-0.40546510810816444,4.605170185988092,0.6461
A2296_LS_A0217,A2296,LS_A0217,습열,끓이기,토란,main,,100,50.0,7000.0,g,1.4,0.3364722366212129,4.605170185988092,0.6461
A1969_LS_A0271,A1969,LS_A0271,습열,끓이기(삶기),쑥,main,,100,30.0,4000.0,g,1.3333333333333333,0.28768207245178085,4.605170185988092,0.6461
A1403_LS_A0311,A1403,LS_A0311,건열,볶기,마늘,seasoning,,100,2.0,200.0,g,1.0,0.0,4.605170185988092,0.6461
A2164_LS_A0222,A2164,LS_A0222,습열,끓이기(삶기),부추,sub,,100,30.0,2000.0,g,0.6666666666666666,-0.40546510810816444,4.605170185988092,0.6449
A2164_LS_A0222,A2164,LS_A0222,습열,끓이기(삶기),재첩,main,,100,100.0,5000.0,g,0.5,-0.6931471805599453,4.605170185988092,0.6449
A1556_LS_A0279,A1556,LS_A0279,습열,끓이기(삶기),대파,sub,,100,10.0,2000.0,g,2.0,0.6931471805599453,4.605170185988092,0.6424
A1556_LS_A0279,A1556,LS_A0279,습열,끓이기(삶기),돼지고기,main,,100,40.0,3000.0,g,0.75,-0.2876820724517809,4.605170185988092,0.6424
A1556_LS_A0279,A1556,LS_A0279,습열,끓이기(삶기),포기김치,sub,,100,30.0,4000.0,g,1.3333333333333333,0.28768207245178085,4.605170185988092,0.6424
A2122_LS_A0241,A2122,LS_A0241,습열,끓이기(삶기),고춧가루,seasoning,,100,0.5,50.0,g,1.0,0.0,4.605170185988092,0.6414
A2255_LS_A0088,A2255,LS_A0088,습열,졸이기,간장,seasoning,,300,1.0,300.0,g,1.0,0.0,5.703782474656201,0.6412
A2255_LS_A0088,A2255,LS_A0088,습열,졸이기,무,sub,,300,40.0,11000.0,g,0.9166666666666666,-0.08701137698962981,5.703782474656201,0.6412
A2255_LS_A0088,A2255,LS_A0088,습열,졸이기,물엿,seasoning,,300,2.0,250.0,g,0.4166666666666667,-0.8754687373538999,5.703782474656201,0.6412
A2255_LS_A0088,A2255,LS_A0088,습열,졸이기,고춧가루,seasoning,,300,1.0,250.0,g,0.8333333333333334,-0.1823215567939546,5.703782474656201,0.6412
A1033_LS_A0320,A1033,LS_A0320,건열,볶기,후추,sub,,100,0.1,20.0,g,2.0,0.6931471805599453,4.605170185988092,0.6412
A1033_LS_A0320,A1033,LS_A0320,건열,볶기,소금,seasoning,,100,0.4,50.0,g,1.25,0.22314355131420976,4.605170185988092,0.6412
A1489_LS_A0532,A1489,LS_A0532,습열,끓이기(삶기),양파,sub,,100,10.0,600.0,g,0.6,-0.5108256237659907,4.605170185988092,0.6411
A1018_LS_A0441,A1018,LS_A0441,건열,튀기기,후추,seasoning,,100,0.5,10.0,g,0.2,-1.6094379124341003,4.605170185988092,0.6405
A1333_LS_A0384,A1333,LS_A0384,비가열,무치기,참기름,seasoning,oil_fat,100,1.0,50.0,g,0.5,-0.6931471805599453,4.605170185988092,0.6402
A1804_LS_A0469,A1804,LS_A0469,건열,굽기,참기름,seasoning,oil_fat,100,1.0,200.0,g,2.0,0.6931471805599453,4.605170185988092,0.64
A1804_LS_A0469,A1804,LS_A0469,건열,굽기,소고기,main,,100,60.0,10000.0,g,1.6666666666666667,0.5108256237659907,4.605170185988092,0.64
A1431_LS_A0362,A1431,LS_A0362,비가열,무치기,고춧가루,sub,,100,1.0,150.0,g,1.5,0.4054651081081644,4.605170185988092,0.6393
A1431_LS_A0362,A1431,LS_A0362,비가열,무치기,마늘,seasoning,,100,1.0,100.0,g,1.0,0.0,4.605170185988092,0.6393
A1431_LS_A0362,A1431,LS_A0362,비가열,무치기,참기름,seasoning,oil_fat,100,1.0,200.0,g,2.0,0.6931471805599453,4.605170185988092,0.6393
A1431_LS_A0362,A1431,LS_A0362,비가열,무치기,참깨,seasoning,,100,0.3,30.0,g,1.0,0.0,4.605170185988092,0.6393
A1379_LS_A0298,A1379,LS_A0298,건열,볶기,양배추,sub,,100,30.0,5000.0,g,1.6666666666666667,0.5108256237659907,4.605170185988092,0.639
A1379_LS_A0298,A1379,LS_A0298,건열,볶기,풋고추,sub,,100,2.0,500.0,g,2.5,0.9162907318741551,4.605170185988092,0.639
A1720_LS_A0066,A1720,LS_A0066,습열,끓이기,건새우,sub,,100,1.0,100.0,g,1.0,0.0,4.605170185988092,0.6389
A2077_LS_A0397,A2077,LS_A0397,비가열,무치기,고추장,sub,,100,10.0,200.0,g,0.2,-1.6094379124341003,4.605170185988092,0.6384
A1414_LS_A0384,A1414,LS_A0384,비가열,무치기,식초,seasoning,,100,1.0,100.0,g,1.0,0.0,4.605170185988092,0.6373
A1414_LS_A0384,A1414,LS_A0384,비가열,무치기,설탕,seasoning,,100,1.0,50.0,g,0.5,-0.6931471805599453,4.605170185988092,0.6373
A1844_LS_A0059,A1844,LS_A0059,건열,굽기,삼치,main,,100,70.0,8000.0,g,1.1428571428571428,0.13353139262452257,4.605170185988092,0.6373
A1294_LS_A0110,A1294,LS_A0110,비가열,무치기,참기름,seasoning,oil_fat,130,1.0,135.0,g,1.0384615384615385,0.03774032798284711,4.867534450455582,0.637
A1294_LS_A0110,A1294,LS_A0110,비가열,무치기,고춧잎,main,,130,30.0,4000.0,g,1.0256410256410255,0.025317807984289786,4.867534450455582,0.637
A1294_LS_A0110,A1294,LS_A0110,비가열,무치기,간장,seasoning,,130,1.0,135.0,g,1.0384615384615385,0.03774032798284711,4.867534450455582,0.637
A1294_LS_A0110,A1294,LS_A0110,비가열,무치기,고추장,seasoning,,130,3.0,500.0,g,1.2820512820512822,0.24846135929849972,4.867534450455582,0.637
A1729_LS_A0226,A1729,LS_A0226,비가열,끓이기(삶기),오이,sub,,100,15.0,1500.0,g,1.0,0.0,4.605170185988092,0.6368
A1729_LS_A0226,A1729,LS_A0226,비가열,끓이기(삶기),마늘,seasoning,,100,1.0,50.0,g,0.5,-0.6931471805599453,4.605170185988092,0.6368
A1729_LS_A0226,A1729,LS_A0226,비가열,끓이기(삶기),식초,seasoning,,100,1.0,300.0,g,3.0,1.0986122886681098,4.605170185988092,0.6368
A1729_LS_A0226,A1729,LS_A0226,비가열,끓이기(삶기),설탕,seasoning,,100,1.0,140.0,g,1.4,0.3364722366212129,4.605170185988092,0.6368
A1301_LS_A0111,A1301,LS_A0111,비가열,무치기,오이,sub,,210,20.0,2000.0,g,0.47619047619047616,-0.7419373447293773,5.3471075307174685,0.6362
A1301_LS_A0111,A1301,LS_A0111,비가열,무치기,양파,sub,,210,10.0,1500.0,g,0.7142857142857143,-0.3364722366212129,5.3471075307174685,0.6362
A1301_LS_A0111,A1301,LS_A0111,비가열,무치기,당근,sub,,210,5.0,1000.0,g,0.9523809523809523,-0.048790164169432056,5.3471075307174685,0.6362
A1301_LS_A0111,A1301,LS_A0111,비가열,무치기,곤약,main,,210,40.0,12000.0,g,1.4285714285714286,0.3566749439387324,5.3471075307174685,0.6362
A1546_LS_A0504,A1546,LS_A0504,습열,찌기,동태,main,,100,50.0,15000.0,g,3.0,1.0986122886681098,4.605170185988092,0.6354
A1546_LS_A0504,A1546,LS_A0504,습열,찌기,무,sub,,100,20.0,6000.0,g,3.0,1.0986122886681098,4.605170185988092,0.6354
A1245_LS_A0232,A1245,LS_A0232,습열,끓이기(삶기),건새우,main,,100,3.0,500.0,g,1.6666666666666667,0.5108256237659907,4.605170185988092,0.6341
A1355_LS_A0104,A1355,LS_A0104,습열,찌기,마늘,seasoning,,100,1.0,60.0,g,0.6,-0.5108256237659907,4.605170185988092,0.6327
A0854_LS_A0016,A0854,LS_A0016,건열,굽기,소고기,main,,100,80.0,5000.0,g,0.625,-0.4700036292457356,4.605170185988092,0.6305
A0854_LS_A0016,A0854,LS_A0016,건열,굽기,새송이버섯,sub,,100,40.0,1000.0,g,0.25,-1.3862943611198906,4.605170185988092,0.6305
A0854_LS_A0016,A0854,LS_A0016,건열,굽기,마늘,seasoning,,100,3.0,300.0,g,1.0,0.0,4.605170185988092,0.6305
A0854_LS_A0016,A0854,LS_A0016,건열,굽기,간장,seasoning,,100,5.0,500.0,g,1.0,0.0,4.605170185988092,0.6305
A0854_LS_A0016,A0854,LS_A0016,건열,굽기,양파,sub,,100,5.0,500.0,g,1.0,0.0,4.605170185988092,0.6305
A0854_LS_A0016,A0854,LS_A0016,건열,굽기,참기름,seasoning,oil_fat,100,1.0,300.0,g,3.0,1.0986122886681098,4.605170185988092,0.6305
A0854_LS_A0016,A0854,LS_A0016,건열,굽기,후추,seasoning,,100,1.0,100.0,g,1.0,0.0,4.605170185988092,0.6305
A1490_LS_A0041,A1490,LS_A0041,건열,볶기,가지,main,,300,60.0,21000.0,g,1.1666666666666667,0.15415067982725836,5.703782474656201,0.6298
A1490_LS_A0041,A1490,LS_A0041,건열,볶기,양파,sub,,300,30.0,2000.0,g,0.2222222222222222,-1.5040773967762742,5.703782474656201,0.6298
A1753_LS_A0236,A1753,LS_A0236,습열,끓이기(삶기),다시마,sub,,100,1.0,60.0,g,0.6,-0.5108256237659907,4.605170185988092,0.6298
A1753_LS_A0236,A1753,LS_A0236,습열,끓이기(삶기),된장,seasoning,,100,15.0,1800.0,g,1.2,0.1823215567939546,4.605170185988092,0.6298
A1803_LS_A0216,A1803,LS_A0216,습열,끓이기,무,sub,,100,20.0,4000.0,g,2.0,0.6931471805599453,4.605170185988092,0.6286
A1803_LS_A0216,A1803,LS_A0216,습열,끓이기,고춧가루,seasoning,,100,1.0,200.0,g,2.0,0.6931471805599453,4.605170185988092,0.6286
A1046_LS_A0400,A1046,LS_A0400,비가열,무치기,참기름,seasoning,oil_fat,100,5.0,100.0,g,0.2,-1.6094379124341003,4.605170185988092,0.6286
A1803_LS_A0216,A1803,LS_A0216,습열,끓이기,참기름,seasoning,oil_fat,100,1.0,50.0,g,0.5,-0.6931471805599453,4.605170185988092,0.6286
A1046_LS_A0400,A1046,LS_A0400,비가열,무치기,마늘,seasoning,,100,5.0,200.0,g,0.4,-0.916290731874155,4.605170185988092,0.6286
A1046_LS_A0400,A1046,LS_A0400,비가열,무치기,대파,sub,,100,5.0,200.0,g,0.4,-0.916290731874155,4.605170185988092,0.6286
A1046_LS_A0400,A1046,LS_A0400,비가열,무치기,고춧가루,sub,,100,10.0,200.0,g,0.2,-1.6094379124341003,4.605170185988092,0.6286
A2146_LS_A0519,A2146,LS_A0519,습열,졸이기(조리기),마늘,seasoning,,100,5.0,1000.0,g,2.0,0.6931471805599453,4.605170185988092,0.6262
A0764_LS_A0352,A0764,LS_A0352,건열,굽기,후추,sub,,100,0.1,20.0,g,2.0,0.6931471805599453,4.605170185988092,0.6259
A0764_LS_A0352,A0764,LS_A0352,건열,굽기,양파,sub,,100,10.0,500.0,g,0.5,-0.6931471805599453,4.605170185988092,0.6259
A0764_LS_A0352,A0764,LS_A0352,건열,굽기,빵가루,sub,,100,5.0,500.0,g,1.0,0.0,4.605170185988092,0.6259
A0764_LS_A0352,A0764,LS_A0352,건열,굽기,마늘,seasoning,,100,1.0,150.0,g,1.5,0.4054651081081644,4.605170185988092,0.6259
A1532_LS_A0084,A1532,LS_A0084,습열,졸이기,당근,sub,,260,5.0,1000.0,g,0.7692307692307693,-0.262364264467491,5.560681631015528,0.6257
A1532_LS_A0084,A1532,LS_A0084,습열,졸이기,동그랑땡,main,,260,40.0,14000.0,g,1.3461538461538463,0.2972515234679317,5.560681631015528,0.6257
A1532_LS_A0084,A1532,LS_A0084,습열,졸이기,양파,sub,,260,10.0,1500.0,g,0.5769230769230769,-0.5500463369192721,5.560681631015528,0.6257
A0711_LS_A0311,A0711,LS_A0311,건열,볶기,소금,seasoning,,100,1.0,200.0,g,2.0,0.6931471805599453,4.605170185988092,0.625
A0110_LS_A0478,A0110,LS_A0478,건열,굽기,삼치,main,,100,150.0,10000.0,g,0.6666666666666666,-0.40546510810816444,4.605170185988092,0.6243
A0110_LS_A0478,A0110,LS_A0478,건열,굽기,식용유,sub,oil_fat,100,10.0,800.0,g,0.8,-0.2231435513142097,4.605170185988092,0.6243
A2340_LS_A0184,A2340,LS_A0184,습열,끓이기,소고기,main,,100,20.0,1500.0,g,0.75,-0.2876820724517809,4.605170185988092,0.6238
A2340_LS_A0184,A2340,LS_A0184,습열,끓이기,밀가루,seasoning,,100,25.0,2000.0,g,0.8,-0.2231435513142097,4.605170185988092,0.6238
A1117_LS_A0259,A1117,LS_A0259,습열,끓이기(삶기),다시마,sub,,100,5.0,150.0,g,0.3,-1.2039728043259361,4.605170185988092,0.6214
A1117_LS_A0259,A1117,LS_A0259,습열,끓이기(삶기),대파,sub,,100,5.0,800.0,g,1.6,0.47000362924573563,4.605170185988092,0.6214
A1117_LS_A0259,A1117,LS_A0259,습열,끓이기(삶기),바지락,main,,100,30.0,5000.0,g,1.6666666666666667,0.5108256237659907,4.605170185988092,0.6214
A1117_LS_A0259,A1117,LS_A0259,습열,끓이기(삶기),청양고추,sub,,100,3.0,200.0,g,0.6666666666666666,-0.40546510810816444,4.605170185988092,0.6214
A1117_LS_A0259,A1117,LS_A0259,습열,끓이기(삶기),홍고추,sub,,100,3.0,150.0,g,0.5,-0.6931471805599453,4.605170185988092,0.6214
A2113_LS_A0315,A2113,LS_A0315,건열,볶기,두부,sub,,100,70.0,10000.0,g,1.4285714285714286,0.3566749439387324,4.605170185988092,0.6202
A2113_LS_A0315,A2113,LS_A0315,건열,볶기,대파,sub,,100,5.0,1000.0,g,2.0,0.6931471805599453,4.605170185988092,0.6202
A2113_LS_A0315,A2113,LS_A0315,건열,볶기,참기름,seasoning,oil_fat,100,1.0,200.0,g,2.0,0.6931471805599453,4.605170185988092,0.6202
A2113_LS_A0315,A2113,LS_A0315,건열,볶기,포기김치,main,,100,50.0,6000.0,g,1.2,0.1823215567939546,4.605170185988092,0.6202
A2139_LS_A0240,A2139,LS_A0240,습열,끓이기(삶기),된장,seasoning,,100,5.0,1200.0,g,2.4,0.8754687373538999,4.605170185988092,0.62
A0742_LS_A0325,A0742,LS_A0325,비가열,무치기,생강,seasoning,,100,0.5,100.0,g,2.0,0.6931471805599453,4.605170185988092,0.6195
A0742_LS_A0325,A0742,LS_A0325,비가열,무치기,마늘,seasoning,,100,1.0,300.0,g,3.0,1.0986122886681098,4.605170185988092,0.6195
A0742_LS_A0325,A0742,LS_A0325,비가열,무치기,고춧가루,sub,,100,1.0,250.0,g,2.5,0.9162907318741551,4.605170185988092,0.6195
A2027_LS_A0169,A2027,LS_A0169,건열,볶기,양파,sub,,100,10.0,2000.0,g,2.0,0.6931471805599453,4.605170185988092,0.6195
A2027_LS_A0169,A2027,LS_A0169,건열,볶기,후추,seasoning,,100,0.01,2.0,g,2.0,0.6931471805599453,4.605170185988092,0.6195
A0535_LS_A0457,A0535,LS_A0457,건열,굽기,소금,seasoning,,100,0.3,50.0,g,1.6666666666666667,0.5108256237659907,4.605170185988092,0.6195
A2027_LS_A0169,A2027,LS_A0169,건열,볶기,당근,sub,,100,5.0,1000.0,g,2.0,0.6931471805599453,4.605170185988092,0.6195
A2027_LS_A0169,A2027,LS_A0169,건열,볶기,마늘,seasoning,,100,1.0,70.0,g,0.7,-0.35667494393873245,4.605170185988092,0.6195
A2027_LS_A0169,A2027,LS_A0169,건열,볶기,식용유,sub,oil_fat,100,1.0,300.0,g,3.0,1.0986122886681098,4.605170185988092,0.6195
A1551_LS_A0491,A1551,LS_A0491,습열,찌기,감자,sub,,100,40.0,4000.0,g,1.0,0.0,4.605170185988092,0.6191
A1551_LS_A0491,A1551,LS_A0491,습열,찌기,양파,sub,,100,10.0,2000.0,g,2.0,0.6931471805599453,4.605170185988092,0.6191
A1551_LS_A0491,A1551,LS_A0491,습열,찌기,생강,seasoning,,100,0.5,100.0,g,2.0,0.6931471805599453,4.605170185988092,0.6191
A1440_LS_A0434,A1440,LS_A0434,건열,튀기기,닭고기,main,,100,50.0,15000.0,g,3.0,1.0986122886681098,4.605170185988092,0.6191
A1440_LS_A0434,A1440,LS_A0434,건열,튀기기,생강,seasoning,,100,0.5,50.0,g,1.0,0.0,4.605170185988092,0.6191
A1922_LS_A0382,A1922,LS_A0382,비가열,무치기,마늘,seasoning,,100,3.0,200.0,g,0.6666666666666666,-0.40546510810816444,4.605170185988092,0.6191
A2301_LS_A0425,A2301,LS_A0425,비가열,무치기,마늘,seasoning,,100,1.0,150.0,g,1.5,0.4054651081081644,4.605170185988092,0.6145
A0053_LS_A0282,A0053,LS_A0282,습열,끓이기(삶기),된장,seasoning,,100,20.0,3000.0,g,1.5,0.4054651081081644,4.605170185988092,0.6142
A0053_LS_A0282,A0053,LS_A0282,습열,끓이기(삶기),쌀뜨물,sub,water_base,100,300.0,35000.0,g,1.1666666666666667,0.15415067982725836,4.605170185988092,0.6142
A0053_LS_A0282,A0053,LS_A0282,습열,끓이기(삶기),대파,sub,,100,10.0,2000.0,g,2.0,0.6931471805599453,4.605170185988092,0.6142
A1220_LS_A0522,A1220,LS_A0522,습열,졸이기(조리기),감자,main,,100,60.0,16000.0,g,2.6666666666666665,0.9808292530117262,4.605170185988092,0.6136
A1220_LS_A0522,A1220,LS_A0522,습열,졸이기(조리기),어묵,sub,,100,20.0,6000.0,g,3.0,1.0986122886681098,4.605170185988092,0.6136
A1427_LS_A0313,A1427,LS_A0313,건열,볶기,부추,sub,,100,10.0,2000.0,g,2.0,0.6931471805599453,4.605170185988092,0.6136
A0625_LS_A0259,A0625,LS_A0259,습열,끓이기(삶기),물,sub,water_base,100,300.0,25000.0,g,0.8333333333333334,-0.1823215567939546,4.605170185988092,0.6133
A2224_LS_A0419,A2224,LS_A0419,비가열,무치기,당근,sub,,100,5.0,500.0,g,1.0,0.0,4.605170185988092,0.6133
A2115_LS_A0463,A2115,LS_A0463,건열,굽기,식용유,sub,oil_fat,100,5.0,500.0,g,1.0,0.0,4.605170185988092,0.6121
A2115_LS_A0463,A2115,LS_A0463,건열,굽기,두부,sub,,100,30.0,3000.0,g,1.0,0.0,4.605170185988092,0.6121
A1242_LS_A0299,A1242,LS_A0299,건열,볶기,식용유,seasoning,oil_fat,100,1.0,300.0,g,3.0,1.0986122886681098,4.605170185988092,0.6116
A1242_LS_A0299,A1242,LS_A0299,건열,볶기,물엿,seasoning,,100,2.0,500.0,g,2.5,0.9162907318741551,4.605170185988092,0.6116
A1242_LS_A0299,A1242,LS_A0299,건열,볶기,참기름,seasoning,oil_fat,100,1.0,150.0,g,1.5,0.4054651081081644,4.605170185988092,0.6116
A0029_LS_A0454,A0029,LS_A0454,건열,굽기,소금,seasoning,,100,1.0,50.0,g,0.5,-0.6931471805599453,4.605170185988092,0.6095
A0029_LS_A0454,A0029,LS_A0454,건열,굽기,밀가루,sub,,100,15.0,500.0,g,0.3333333333333333,-1.0986122886681098,4.605170185988092,0.6095
A1841_LS_A0419,A1841,LS_A0419,비가열,무치기,설탕,seasoning,,100,5.0,400.0,g,0.8,-0.2231435513142097,4.605170185988092,0.6089
A1841_LS_A0419,A1841,LS_A0419,비가열,무치기,식초,seasoning,,100,3.0,400.0,g,1.3333333333333333,0.28768207245178085,4.605170185988092,0.6089
A2185_LS_A0407,A2185,LS_A0407,습열,끓이기(삶기),마늘,seasoning,,100,1.0,300.0,g,3.0,1.0986122886681098,4.605170185988092,0.6068
A1465_LS_A0440,A1465,LS_A0440,건열,튀기기,튀김가루,sub,,100,25.0,1000.0,g,0.4,-0.916290731874155,4.605170185988092,0.6064
A2100_LS_A0401,A2100,LS_A0401,비가열,무치기,고춧가루,sub,,100,3.0,250.0,g,0.8333333333333334,-0.1823215567939546,4.605170185988092,0.6063
A1796_LS_A0216,A1796,LS_A0216,습열,끓이기,간장,seasoning,,100,1.0,200.0,g,2.0,0.6931471805599453,4.605170185988092,0.6062
A2312_LS_E0012,A2312,LS_E0012,습열,끓이기,대파,sub,,100,5.0,100.0,g,0.2,-1.6094379124341003,4.605170185988092,0.6055
A2209_LS_A0453,A2209,LS_A0453,건열,굽기,달걀,sub,,100,5.0,1000.0,g,2.0,0.6931471805599453,4.605170185988092,0.6043
A2209_LS_A0453,A2209,LS_A0453,건열,굽기,깻잎,main,,100,5.0,500.0,g,1.0,0.0,4.605170185988092,0.6043
A1591_LS_A0224,A1591,LS_A0224,습열,끓이기(삶기),간장,seasoning,,100,1.0,80.0,g,0.8,-0.2231435513142097,4.605170185988092,0.6021
A1591_LS_A0224,A1591,LS_A0224,습열,끓이기(삶기),다시마,sub,,100,1.0,100.0,g,1.0,0.0,4.605170185988092,0.6021
A1622_LS_A0428,A1622,LS_A0428,비가열,무치기,고춧가루,sub,,100,1.0,300.0,g,3.0,1.0986122886681098,4.605170185988092,0.6021
A1622_LS_A0428,A1622,LS_A0428,비가열,무치기,고추장,sub,,100,3.0,200.0,g,0.6666666666666666,-0.40546510810816444,4.605170185988092,0.6021
A1622_LS_A0428,A1622,LS_A0428,비가열,무치기,간장,seasoning,,100,3.0,700.0,g,2.3333333333333335,0.8472978603872037,4.605170185988092,0.6021
A1622_LS_A0428,A1622,LS_A0428,비가열,무치기,참기름,seasoning,oil_fat,100,1.0,100.0,g,1.0,0.0,4.605170185988092,0.6021
A0250_LS_A0209,A0250,LS_A0209,습열,끓이기,버터,sub,oil_fat,100,15.0,500.0,g,0.3333333333333333,-1.0986122886681098,4.605170185988092,0.6019
A1959_LS_A0384,A1959,LS_A0384,비가열,무치기,간장,seasoning,,100,2.0,600.0,g,3.0,1.0986122886681098,4.605170185988092,0.6005
A1663_LS_A0296,A1663,LS_A0296,건열,볶기,참깨,seasoning,,100,0.3,30.0,g,1.0,0.0,4.605170185988092,0.6005
A0817_LS_A0169,A0817,LS_A0169,건열,볶기,참기름,seasoning,oil_fat,100,1.0,200.0,g,2.0,0.6931471805599453,4.605170185988092,0.6005
A0817_LS_A0169,A0817,LS_A0169,건열,볶기,감자,sub,,100,20.0,3000.0,g,1.5,0.4054651081081644,4.605170185988092,0.6005
A2095_LS_A0297,A2095,LS_A0297,건열,볶기,풋고추,sub,,100,5.0,700.0,g,1.4,0.3364722366212129,4.605170185988092,0.6001
