INGR_NM,GRAMS,UNIT_EXPR
연두부,75.0,3/4모
칵테일새우,20.0,5마리
달걀,30.0,1/2개
생크림,13.0,1큰술
설탕,5.0,1작은술
무염버터,5.0,1작은술
시금치,10.0,3줄기
날콩가루,7.0,1⅓작은술
저염간장,3.0,2/3작은술
대파,5.0,1작은술
마늘,2.0,1/2쪽
고춧가루,2.0,1/3작은술
요리당,2.0,1/3작은술
참기름,2.0,1/3작은술
방울토마토,150.0,5개
양파,10.0,3×1cm
부추,10.0,5줄기
고춧가루,4.0,1작은술
멸치액젓,3.0,2/3작은술
마늘,2.5,1/2쪽
매실액,2.0,1/3작은술
설탕,2.0,1/3작은술
오이,70.0,1/3개
땅콩,10.0,1큰술
순두부,40.0,1/8봉지
사과,50.0,1/3개
북어채,25.0,15개
새우,10.0,3마리
사과,30.0,1/5개
양파,40.0,1/4개
표고버섯,20.0,2장
콩나물,30.0,1/6봉지
무,30.0,5×3×2cm
저염된장,10.0,2작은술
청양고추,5.0,1/2개
마늘,2.0,1/3작은술
두부,20.0,2×2×2cm
애느타리버섯,20.0,4가닥
감자,10.0,4×3×1cm
양파,10.0,2×1cm
대파,10.0,5cm
된장,5.0,1작은술
멸치,5.0,3마리
양파,10.0,2×1cm
국간장,5.0,1작은술
청경채,20.0,1개
표고버섯,20.0,2장
마늘,2.0,1/3작은술
치커리,30.0,10줄기
적양배추,15.0,5×3cm
양파,10.0,2×1cm
당근,5.0,3×1×1cm
올리브유,10.0,2작은술
식초,5.0,1작은술
설탕,5.0,1작은술
마늘,5.0,1쪽
딸기,70.0,7개
플레인요거트,85.0,1개
양상추,70.0,2장
메추리알,30.0,3개
블루베리,15.0,1큰술
감자,80.0,1/2개
소스,5.0,1작은술
아몬드,2.0,1알
설탕,2.0,1/3작은술
우유,10.0,2작은술
새송이버섯,70.0,7개
올리브유,10.0,2작은술
치커리,10.0,3줄기
연두부,30.0,1/4모
양파,10.0,2작은술
오이피클,10.0,2작은술
올리브유,2.0,1/3작은술
식초,5.0,1작은술
레몬즙,3.0,2/3작은술
머스터드,3.0,2/3작은술
꿀,2.0,1/3작은술
가지,20.0,3cm
호박,50.0,1/3개
새송이버섯,15.0,3개
양파,15.0,1/8개
발사믹크레마,15.0,1큰술
파프리카,3.0,3×1cm
파프리카,3.0,3×1cm
청피망,3.0,3×1cm
저염간장,5.0,1작은술
식초,15.0,1큰술
설탕,10.0,1큰술
레몬즙,5.0,1작은술
브로콜리,40.0,1/5송이
컬리플라워,40.0,1/3송이
적양파,10.0,2×1cm
강낭콩,5.0,1작은술
두유,50.0,3⅓큰술
플레인요거트,20.0,1⅓큰술
레몬즙,5.0,1작은술
당근,100.0,1/2개
오렌지,100.0,1/2개
저염소금,4.0,1작은술
식초,8.0,1/2작은술
석류,200.0,1/2개
잣,4.0,1작은술
아몬드,4.0,1작은술
해바라기씨,4.0,1작은술
호두,4.0,1작은술
호박씨,4.0,1작은술
오이,20.0,1/4개
흑임자,6.0,1작은술
호두,6.0,1알
오이,20.0,1/8개
토마토,50.0,1/2개
달걀,50.0,1개
만두피,4.0,2장
브로콜리,100.0,1/4개
표고버섯,20.0,2개
참기름,2.0,1/2작은술
저염간장,4.0,1작은술
함초,3.0,1/2작은술
노루궁뎅이버섯,25.0,1/2개
다시마,17.0,15cm
파,140.0,1/2개
양파,150.0,1/2개
무,250.0,1/3개
모시조개,150.0,3/4컵
간장,30.0,2큰술
달걀,50.0,1개
청고추,20.0,1개
두부,320.0,1모
쌀뜨물,300.0,1½컵
된장,20.0,1½큰술
청양고추,10.0,1/2개
홍고추,5.0,1/4개
대파,10.0,2cm
고춧가루,5.0,1작은술
소시지,10.0,1/2개
우민찌,5.0,1작은술
저염된장,15.0,1큰술
감자,100.0,1개
양배추,150.0,1/2개
당근,15.0,1/10개
두부,20.0,1/20모
청양고추,5.0,1개
부침가루,45.0,3큰술
달걀,60.0,1개
식용유,15.0,1큰술
오렌지즙,15.0,1큰술
간장,2.0,1/2작은술
식초,10.0,2작은술
미니새송이버섯,60.0,7개
마요네즈,10.0,2작은술
레몬즙,20.0,1⅓큰술
청양고추,5.0,1/2개
홍고추,5.0,1/2개
배추,70.0,1/10개
석류즙,10.0,2작은술
소금,5.0,1/2작은술
무,10.0,3cm
쪽파,10.0,1개
마늘,5.0,1작은술
생강,5.0,1작은술
새우젓국,15.0,1큰술
홍파프리카,10.0,1/10개
황파프리카,10.0,1/10개
청파프리카,10.0,1/10개
밀가루,25.0,2큰술
유자청,20.0,1⅓큰술
발사믹식초,10.0,2작은술
화이트와인,10.0,2작은술
대파,30.0,1개
자색고구마,10.0,3cm
무,10.0,2cm
배,80.0,1/4개
배추,200.0,1/3개
사과,80.0,1/3개
쪽파,10.0,10cm
소금,20.0,1⅓큰술
멥쌀,10.0,2작은술
물엿,50.0,1/4컵
황파프리카,140.0,1½개
애호박,70.0,1½개
양송이버섯,60.0,3개
가지,70.0,1/2개
사과,60.0,1/3개
양파,40.0,1/5개
마늘,10.0,2개
토마토,600.0,3개
설탕,10.0,2작은술
고추장,15.0,1큰술
비트,5.0,1작은술
간장,20.0,1⅓큰술
홍고추,10.0,1개
레몬즙,60.0,4큰술
설탕,6.0,1작은술
가지,100.0,1개
토마토,200.0,1½개
마늘,10.0,2개
올리브오일,5.0,1작은술
올리브오일,25.0,2큰술
발사믹식초,60.0,4큰술
후춧가루,2.0,1/2작은술
키위,60.0,1개
방울토마토,100.0,10개
양상추,70.0,2장
아몬드,10.0,6알
땅콩,10.0,10알
사과식초,30.0,2큰술
설탕,15.0,1큰술
마늘,5.0,1작은술
양상추,40.0,1장
치커리,10.0,3줄기
레드치커리,10.0,3줄기
방울토마토,40.0,4개
파프리카,10.0,5ⅹ3cm
두유,40.0,2⅔큰술
마요네즈,15.0,1큰술
물엿,3.0,2/3작은술
식초,3.0,2/3작은술
보라로즈케일,15.0,3장
흰로즈케일,15.0,3장
케일,15.0,3장
오미자물,100.0,1/2컵
요리당,15.0,1큰술
식초,2.0,1/2작은술
달래,100.0,2단
깻잎,10.0,10장
파프리카,100.0,1개
된장,15.0,1큰술
고추장,5.0,1작은술
사과즙,300.0,1/2컵
참기름,20.0,1⅓큰술
깨,15.0,1큰술
마늘,10.0,2작은술
가지,150.0,1/2개
베이컨,80.0,8장
홍파프리카,50.0,1/2개
황파프리카,50.0,1/2개
청파프리카,50.0,1/2개
고추장,5.0,1작은술
와사비,1.0,1/3작은술
고춧가루,2.0,1/2작은술
배,10.0,2cm
양파,2.0,1cm
마늘,1.0,1/5개
올리고당,5.0,1작은술
사과식초,5.0,1/2작은술
마늘종,60.0,10개
식용유,5.0,1/2작은술
검정깨,5.0,1작은술
청국장가루,5.0,1작은술
마요네즈,20.0,4작은술
대추,5.0,1개
새송이버섯,100.0,3개
올리브유,10.0,2작은술
두유,20.0,1⅓큰술
생크림,10.0,2작은술
청양고추,5.0,1/2개
백일송이버섯,65.0,1컵
파프리카,5.0,5×1cm
파프리카,5.0,5×1cm
카놀라유,3.0,2/3작은술
오이,30.0,3cm
사과,20.0,1/8개
당근,15.0,1/10개
파프리카,10.0,5ⅹ3cm
유자청,25.0,1⅔큰술
레몬즙,10.0,2작은술
카놀라유,3.0,2/3작은술
두부,120.0,1/3모
플레인요거트,70.0,1개
검은깨,8.0,1⅔작은술
청국장가루,10.0,1큰술
고구마,70.0,1/2개
단호박,30.0,4×6cm
설탕,2.0,1/3작은술
밥,180.0,1컵
시금치,50.0,1/2개
마,10.0,5cm
두유,150.0,3/4컵
버터,8.0,1½작은술
밥,210.0,1컵
당근,15.0,5cm
애호박,15.0,5cm
달걀,100.0,2개
표고버섯,15.0,2개
우렁,25.0,2큰술
들기름,5.0,1작은술
현미,140.0,2/3컵
찹쌀,140.0,2/3컵
무,35.0,1/20개
표고버섯,30.0,2개
올리브오일,15.0,1큰술
참기름,15.0,1큰술
다시마,15.0,5cm
간장,15.0,1큰술
쌀밥,420.0,2컵
김,4.0,1장
달걀,200.0,4개
베이컨,30.0,3장
소시지,30.0,1개
고춧가루,20.0,1큰술
참기름,6.0,1작은술
마늘,6.0,1작은술
두릅,20.0,2개
가지,20.0,1/5개
청경채,25.0,2개
슬라이스연어,30.0,2장
크림치즈,5.0,1작은술
레몬,5.0,1작은술
레드와인,30.0,2큰술
설탕,5.0,1작은술
바나나,100.0,1개
설탕,5.0,1/2작은술
호두,15.0,1큰술
딸기,100.0,5개
키위,100.0,1개
매실원액,15.0,1큰술
망고,20.0,1/5개
우유,45.0,3큰술
두부,70.0,1/5모
전분,10.0,2작은술
흑임자,2.0,1/3작은술
식용유,5.0,1작은술
간장,3.0,2/3작은술
올리고당,3.0,2/3작은술
생강즙,3.0,2/3작은술
풋고추,5.0,1/3개
순두부,80.0,1/3모
다시마,20.0,10cm
멸치,60.0,10개
보리된장,15.0,1큰술
오이고추,15.0,1개
당근,5.0,5cm
무,5.0,5cm
부추,5.0,6cm
양파,5.0,5cm
겨자분말,5.0,1작은술
식초,10.0,2작은술
설탕,10.0,2작은술
매실액,10.0,2작은술
실치,40.0,1컵
식초,20.0,1⅓큰술
오이,80.0,1/2개
무,200.0,1/3개
비트,10.0,5cm
쪽파,10.0,10cm
소금,2.0,1/2작은술
식초,20.0,1⅓큰술
설탕,10.0,2작은술
배추,10.0,1/60개
홍고추,5.0,1/2개
소금,5.0,1작은술
귤,100.0,1개
고춧가루,5.0,1작은술
마늘,10.0,2작은술
생강즙,5.0,1작은술
밥,30.0,쌀 13g
꼬막,60.0,꼬막살 20g
노란콩,25.0,불린것 52g
다시마국물,100.0,건다시마 5g
닭,170.0,닭고기살 무게 90g
소금,1.0,"절일 때 0.5g, 간 맞출 때 0.5g"
꽃게,70.0,꽃게살 30g
건도토리묵,30.0,불린것 50g
베이킹파우더,10.0,속재료
달걀,50.0,1개
달걀,50.0,1개
달걀,50.0,1개
달걀,50.0,1개
포도씨유,50.0,속재료
소금,2.0,비스킷재료
버터,60.0,속재료
달걀,50.0,1개
물,150.0,속재료
달걀,50.0,1개
당근,1.0,저염양념
달걀,50.0,1개
계란,65.0,1.5개
달걀,50.0,1개
건포도,20.0,아몬드우유
우유,180.0,토핑
마,30.0,1/3개
단호박,40.0,1/8개
아스파라거스,15.0,1/3개
영콘,20.0,1개
마늘,10.0,2개
쌀,200.0,1컴
닭,550.0,1마리
파,15.0,1큰술
양파,15.0,2*4cm
마늘,10.0,2쪽
홍고추,1.0,1/5개
올리브유,15.0,1큰술
쳥양고추,3.0,1/3개
저염치즈,10.0,2작은술
ghen,10.0,1알
잣,5.0,5알
식용유,30.0,2큰술
들깨가루,45.0,3큰술
두유,45.0,3큰술
꿀,15.0,1큰술
참기름,7.0,1작은술
레몬즙,7.0,1작은술
검은깨,5.0,1작은술
밥,210.0,1공기
오렌지,40.0,1/5개
사과,30.0,1/5개
요거트,200.0,1컵
블루베리,30.0,2큰술
계란,20.0,0.3개
계란,75.0,1.5개
달걀,50.0,1개
포도씨유,50.0,속재료
전분물,24.0,토핑재료
우유,175.0,속재료
사과,500.0,2개
물,236.0,속재료
브로콜리,100.0,속재료
오일,12.0,속재료
달걀,50.0,1개
가루,30.0,속재료
