INGR_NM,UNIT_NM,QUANTITY,GRAMS,CONV_WT
연두부,모,0.75,75.0,100.0
칵테일새우,마리,5.0,20.0,4.0
달걀,개,0.5,30.0,60.0
생크림,큰술,1.0,13.0,13.0
설탕,작은술,1.0,5.0,5.0
무염버터,작은술,1.0,5.0,5.0
시금치,줄기,3.0,10.0,3.3333333333333335
날콩가루,작은술,1.3333333333333333,7.0,5.25
저염간장,작은술,0.6666666666666666,3.0,4.5
대파,작은술,1.0,5.0,5.0
마늘,쪽,0.5,2.0,4.0
고춧가루,작은술,0.3333333333333333,2.0,6.0
요리당,작은술,0.3333333333333333,2.0,6.0
참기름,작은술,0.3333333333333333,2.0,6.0
방울토마토,개,5.0,150.0,30.0
부추,줄기,5.0,10.0,2.0
고춧가루,작은술,1.0,4.0,4.0
멸치액젓,작은술,0.6666666666666666,3.0,4.5
마늘,쪽,0.5,2.5,5.0
매실액,작은술,0.3333333333333333,2.0,6.0
설탕,작은술,0.3333333333333333,2.0,6.0
오이,개,0.3333333333333333,70.0,210.0
땅콩,큰술,1.0,10.0,10.0
순두부,봉지,0.125,40.0,320.0
사과,개,0.3333333333333333,50.0,150.0
북어채,개,15.0,25.0,1.6666666666666667
새우,마리,3.0,10.0,3.3333333333333335
사과,개,0.2,30.0,150.0
양파,개,0.25,40.0,160.0
표고버섯,장,2.0,20.0,10.0
콩나물,봉지,0.1666666666666666,30.0,180.00000000000006
저염된장,작은술,2.0,10.0,5.0
청양고추,개,0.5,5.0,10.0
마늘,작은술,0.3333333333333333,2.0,6.0
애느타리버섯,가닥,4.0,20.0,5.0
된장,작은술,1.0,5.0,5.0
멸치,마리,3.0,5.0,1.6666666666666667
국간장,작은술,1.0,5.0,5.0
청경채,개,1.0,20.0,20.0
표고버섯,장,2.0,20.0,10.0
마늘,작은술,0.3333333333333333,2.0,6.0
치커리,줄기,10.0,30.0,3.0
올리브유,작은술,2.0,10.0,5.0
식초,작은술,1.0,5.0,5.0
설탕,작은술,1.0,5.0,5.0
마늘,쪽,1.0,5.0,5.0
딸기,개,7.0,70.0,10.0
플레인요거트,개,1.0,85.0,85.0
양상추,장,2.0,70.0,35.0
메추리알,개,3.0,30.0,10.0
블루베리,큰술,1.0,15.0,15.0
감자,개,0.5,80.0,160.0
소스,작은술,1.0,5.0,5.0
아몬드,알,1.0,2.0,2.0
설탕,작은술,0.3333333333333333,2.0,6.0
우유,작은술,2.0,10.0,5.0
새송이버섯,개,7.0,70.0,10.0
올리브유,작은술,2.0,10.0,5.0
치커리,줄기,3.0,10.0,3.3333333333333335
연두부,모,0.25,30.0,120.0
양파,작은술,2.0,10.0,5.0
오이피클,작은술,2.0,10.0,5.0
올리브유,작은술,0.3333333333333333,2.0,6.0
식초,작은술,1.0,5.0,5.0
레몬즙,작은술,0.6666666666666666,3.0,4.5
머스터드,작은술,0.6666666666666666,3.0,4.5
꿀,작은술,0.3333333333333333,2.0,6.0
호박,개,0.3333333333333333,50.0,150.0
새송이버섯,개,3.0,15.0,5.0
양파,개,0.125,15.0,120.0
발사믹크레마,큰술,1.0,15.0,15.0
저염간장,작은술,1.0,5.0,5.0
식초,큰술,1.0,15.0,15.0
설탕,큰술,1.0,10.0,10.0
레몬즙,작은술,1.0,5.0,5.0
브로콜리,송이,0.2,40.0,200.0
컬리플라워,송이,0.3333333333333333,40.0,120.0
강낭콩,작은술,1.0,5.0,5.0
두유,큰술,3.3333333333333335,50.0,15.0
플레인요거트,큰술,1.3333333333333333,20.0,15.0
레몬즙,작은술,1.0,5.0,5.0
당근,개,0.5,100.0,200.0
오렌지,개,0.5,100.0,200.0
저염소금,작은술,1.0,4.0,4.0
식초,작은술,0.5,8.0,16.0
석류,개,0.5,200.0,400.0
잣,작은술,1.0,4.0,4.0
아몬드,작은술,1.0,4.0,4.0
해바라기씨,작은술,1.0,4.0,4.0
호두,작은술,1.0,4.0,4.0
호박씨,작은술,1.0,4.0,4.0
오이,개,0.25,20.0,80.0
흑임자,작은술,1.0,6.0,6.0
호두,알,1.0,6.0,6.0
오이,개,0.125,20.0,160.0
토마토,개,0.5,50.0,100.0
달걀,개,1.0,50.0,50.0
만두피,장,2.0,4.0,2.0
브로콜리,개,0.25,100.0,400.0
표고버섯,개,2.0,20.0,10.0
참기름,작은술,0.5,2.0,4.0
저염간장,작은술,1.0,4.0,4.0
함초,작은술,0.5,3.0,6.0
노루궁뎅이버섯,개,0.5,25.0,50.0
파,개,0.5,140.0,280.0
양파,개,0.5,150.0,300.0
무,개,0.3333333333333333,250.0,750.0
모시조개,컵,0.75,150.0,200.0
간장,큰술,2.0,30.0,15.0
달걀,개,1.0,50.0,50.0
청고추,개,1.0,20.0,20.0
두부,모,1.0,320.0,320.0
쌀뜨물,컵,1.5,300.0,200.0
된장,큰술,1.5,20.0,13.333333333333334
청양고추,개,0.5,10.0,20.0
홍고추,개,0.25,5.0,20.0
고춧가루,작은술,1.0,5.0,5.0
소시지,개,0.5,10.0,20.0
우민찌,작은술,1.0,5.0,5.0
저염된장,큰술,1.0,15.0,15.0
감자,개,1.0,100.0,100.0
양배추,개,0.5,150.0,300.0
당근,개,0.1,15.0,150.0
두부,모,0.05,20.0,400.0
청양고추,개,1.0,5.0,5.0
부침가루,큰술,3.0,45.0,15.0
달걀,개,1.0,60.0,60.0
식용유,큰술,1.0,15.0,15.0
오렌지즙,큰술,1.0,15.0,15.0
간장,작은술,0.5,2.0,4.0
식초,작은술,2.0,10.0,5.0
미니새송이버섯,개,7.0,60.0,8.571428571428571
마요네즈,작은술,2.0,10.0,5.0
레몬즙,큰술,1.3333333333333333,20.0,15.0
청양고추,개,0.5,5.0,10.0
홍고추,개,0.5,5.0,10.0
배추,개,0.1,70.0,700.0
석류즙,작은술,2.0,10.0,5.0
소금,작은술,0.5,5.0,10.0
쪽파,개,1.0,10.0,10.0
마늘,작은술,1.0,5.0,5.0
생강,작은술,1.0,5.0,5.0
새우젓국,큰술,1.0,15.0,15.0
홍파프리카,개,0.1,10.0,100.0
황파프리카,개,0.1,10.0,100.0
청파프리카,개,0.1,10.0,100.0
밀가루,큰술,2.0,25.0,12.5
유자청,큰술,1.3333333333333333,20.0,15.0
발사믹식초,작은술,2.0,10.0,5.0
화이트와인,작은술,2.0,10.0,5.0
대파,개,1.0,30.0,30.0
배,개,0.25,80.0,320.0
배추,개,0.3333333333333333,200.0,600.0
사과,개,0.3333333333333333,80.0,240.0
소금,큰술,1.3333333333333333,20.0,15.0
멥쌀,작은술,2.0,10.0,5.0
물엿,컵,0.25,50.0,200.0
황파프리카,개,1.5,140.0,93.33333333333333
애호박,개,1.5,70.0,46.666666666666664
양송이버섯,개,3.0,60.0,20.0
가지,개,0.5,70.0,140.0
사과,개,0.3333333333333333,60.0,180.0
양파,개,0.2,40.0,200.0
마늘,개,2.0,10.0,5.0
토마토,개,3.0,600.0,200.0
설탕,작은술,2.0,10.0,5.0
고추장,큰술,1.0,15.0,15.0
비트,작은술,1.0,5.0,5.0
간장,큰술,1.3333333333333333,20.0,15.0
홍고추,개,1.0,10.0,10.0
레몬즙,큰술,4.0,60.0,15.0
설탕,작은술,1.0,6.0,6.0
가지,개,1.0,100.0,100.0
토마토,개,1.5,200.0,133.33333333333334
마늘,개,2.0,10.0,5.0
올리브오일,작은술,1.0,5.0,5.0
올리브오일,큰술,2.0,25.0,12.5
발사믹식초,큰술,4.0,60.0,15.0
후춧가루,작은술,0.5,2.0,4.0
키위,개,1.0,60.0,60.0
방울토마토,개,10.0,100.0,10.0
양상추,장,2.0,70.0,35.0
아몬드,알,6.0,10.0,1.6666666666666667
땅콩,알,10.0,10.0,1.0
사과식초,큰술,2.0,30.0,15.0
설탕,큰술,1.0,15.0,15.0
마늘,작은술,1.0,5.0,5.0
양상추,장,1.0,40.0,40.0
치커리,줄기,3.0,10.0,3.3333333333333335
레드치커리,줄기,3.0,10.0,3.3333333333333335
방울토마토,개,4.0,40.0,10.0
두유,큰술,2.6666666666666665,40.0,15.0
마요네즈,큰술,1.0,15.0,15.0
물엿,작은술,0.6666666666666666,3.0,4.5
식초,작은술,0.6666666666666666,3.0,4.5
보라로즈케일,장,3.0,15.0,5.0
흰로즈케일,장,3.0,15.0,5.0
케일,장,3.0,15.0,5.0
오미자물,컵,0.5,100.0,200.0
요리당,큰술,1.0,15.0,15.0
식초,작은술,0.5,2.0,4.0
달래,단,2.0,100.0,50.0
깻잎,장,10.0,10.0,1.0
파프리카,개,1.0,100.0,100.0
된장,큰술,1.0,15.0,15.0
고추장,작은술,1.0,5.0,5.0
사과즙,컵,0.5,300.0,600.0
참기름,큰술,1.3333333333333333,20.0,15.0
깨,큰술,1.0,15.0,15.0
마늘,작은술,2.0,10.0,5.0
가지,개,0.5,150.0,300.0
베이컨,장,8.0,80.0,10.0
홍파프리카,개,0.5,50.0,100.0
황파프리카,개,0.5,50.0,100.0
청파프리카,개,0.5,50.0,100.0
고추장,작은술,1.0,5.0,5.0
와사비,작은술,0.3333333333333333,1.0,3.0
고춧가루,작은술,0.5,2.0,4.0
마늘,개,0.2,1.0,5.0
올리고당,작은술,1.0,5.0,5.0
사과식초,작은술,0.5,5.0,10.0
마늘종,개,10.0,60.0,6.0
식용유,작은술,0.5,5.0,10.0
검정깨,작은술,1.0,5.0,5.0
청국장가루,작은술,1.0,5.0,5.0
마요네즈,작은술,4.0,20.0,5.0
대추,개,1.0,5.0,5.0
새송이버섯,개,3.0,100.0,33.333333333333336
올리브유,작은술,2.0,10.0,5.0
두유,큰술,1.3333333333333333,20.0,15.0
생크림,작은술,2.0,10.0,5.0
청양고추,개,0.5,5.0,10.0
백일송이버섯,컵,1.0,65.0,65.0
카놀라유,작은술,0.6666666666666666,3.0,4.5
사과,개,0.125,20.0,160.0
당근,개,0.1,15.0,150.0
유자청,큰술,1.6666666666666663,25.0,15.000000000000004
레몬즙,작은술,2.0,10.0,5.0
카놀라유,작은술,0.6666666666666666,3.0,4.5
두부,모,0.3333333333333333,120.0,360.0
플레인요거트,개,1.0,70.0,70.0
검은깨,작은술,1.6666666666666663,8.0,4.800000000000001
청국장가루,큰술,1.0,10.0,10.0
고구마,개,0.5,70.0,140.0
설탕,작은술,0.3333333333333333,2.0,6.0
밥,컵,1.0,180.0,180.0
시금치,개,0.5,50.0,100.0
두유,컵,0.75,150.0,200.0
버터,작은술,1.5,8.0,5.333333333333333
밥,컵,1.0,210.0,210.0
달걀,개,2.0,100.0,50.0
표고버섯,개,2.0,15.0,7.5
우렁,큰술,2.0,25.0,12.5
들기름,작은술,1.0,5.0,5.0
현미,컵,0.6666666666666666,140.0,210.0
찹쌀,컵,0.6666666666666666,140.0,210.0
무,개,0.05,35.0,700.0
표고버섯,개,2.0,30.0,15.0
올리브오일,큰술,1.0,15.0,15.0
참기름,큰술,1.0,15.0,15.0
간장,큰술,1.0,15.0,15.0
쌀밥,컵,2.0,420.0,210.0
김,장,1.0,4.0,4.0
달걀,개,4.0,200.0,50.0
베이컨,장,3.0,30.0,10.0
소시지,개,1.0,30.0,30.0
고춧가루,큰술,1.0,20.0,20.0
참기름,작은술,1.0,6.0,6.0
마늘,작은술,1.0,6.0,6.0
두릅,개,2.0,20.0,10.0
가지,개,0.2,20.0,100.0
청경채,개,2.0,25.0,12.5
슬라이스연어,장,2.0,30.0,15.0
크림치즈,작은술,1.0,5.0,5.0
레몬,작은술,1.0,5.0,5.0
레드와인,큰술,2.0,30.0,15.0
설탕,작은술,1.0,5.0,5.0
바나나,개,1.0,100.0,100.0
설탕,작은술,0.5,5.0,10.0
호두,큰술,1.0,15.0,15.0
딸기,개,5.0,100.0,20.0
키위,개,1.0,100.0,100.0
매실원액,큰술,1.0,15.0,15.0
망고,개,0.2,20.0,100.0
우유,큰술,3.0,45.0,15.0
두부,모,0.2,70.0,350.0
전분,작은술,2.0,10.0,5.0
흑임자,작은술,0.3333333333333333,2.0,6.0
식용유,작은술,1.0,5.0,5.0
간장,작은술,0.6666666666666666,3.0,4.5
올리고당,작은술,0.6666666666666666,3.0,4.5
생강즙,작은술,0.6666666666666666,3.0,4.5
풋고추,개,0.3333333333333333,5.0,15.0
순두부,모,0.3333333333333333,80.0,240.0
멸치,개,10.0,60.0,6.0
보리된장,큰술,1.0,15.0,15.0
오이고추,개,1.0,15.0,15.0
겨자분말,작은술,1.0,5.0,5.0
식초,작은술,2.0,10.0,5.0
설탕,작은술,2.0,10.0,5.0
매실액,작은술,2.0,10.0,5.0
실치,컵,1.0,40.0,40.0
식초,큰술,1.3333333333333333,20.0,15.0
오이,개,0.5,80.0,160.0
무,개,0.3333333333333333,200.0,600.0
소금,작은술,0.5,2.0,4.0
식초,큰술,1.3333333333333333,20.0,15.0
설탕,작은술,2.0,10.0,5.0
배추,개,0.0166666666666666,10.0,600.0000000000024
홍고추,개,0.5,5.0,10.0
소금,작은술,1.0,5.0,5.0
귤,개,1.0,100.0,100.0
고춧가루,작은술,1.0,5.0,5.0
마늘,작은술,2.0,10.0,5.0
생강즙,작은술,1.0,5.0,5.0
달걀,개,1.0,50.0,50.0
달걀,개,1.0,50.0,50.0
달걀,개,1.0,50.0,50.0
달걀,개,1.0,50.0,50.0
달걀,개,1.0,50.0,50.0
달걀,개,1.0,50.0,50.0
달걀,개,1.0,50.0,50.0
계란,개,1.5,65.0,43.333333333333336
달걀,개,1.0,50.0,50.0
마,개,0.3333333333333333,30.0,90.0
단호박,개,0.125,40.0,320.0
아스파라거스,개,0.3333333333333333,15.0,45.0
영콘,개,1.0,20.0,20.0
마늘,개,2.0,10.0,5.0
쌀,컴,1.0,200.0,200.0
닭,마리,1.0,550.0,550.0
파,큰술,1.0,15.0,15.0
마늘,쪽,2.0,10.0,5.0
홍고추,개,0.2,1.0,5.0
올리브유,큰술,1.0,15.0,15.0
쳥양고추,개,0.3333333333333333,3.0,9.0
저염치즈,작은술,2.0,10.0,5.0
ghen,알,1.0,10.0,10.0
잣,알,5.0,5.0,1.0
식용유,큰술,2.0,30.0,15.0
들깨가루,큰술,3.0,45.0,15.0
두유,큰술,3.0,45.0,15.0
꿀,큰술,1.0,15.0,15.0
참기름,작은술,1.0,7.0,7.0
레몬즙,작은술,1.0,7.0,7.0
검은깨,작은술,1.0,5.0,5.0
밥,공기,1.0,210.0,210.0
오렌지,개,0.2,40.0,200.0
사과,개,0.2,30.0,150.0
요거트,컵,1.0,200.0,200.0
블루베리,큰술,2.0,30.0,15.0
계란,개,0.3,20.0,66.66666666666667
계란,개,1.5,75.0,50.0
달걀,개,1.0,50.0,50.0
사과,개,2.0,500.0,250.0
달걀,개,1.0,50.0,50.0
