재료 이름,단위 이름,무게,상태
(속재료) 사과,개,250.0,
- 주재료 : 토막 낸 닭,닭고기살 무게 90g,170.0,
[주재료] 갈치(,토막,70.0,
[주재료] 감태 (,장,1.0,
g - 국물 : 다시마국물,건다시마 5g,100.0,
ghen,알,10.0,
·양념장 : 저염간장,작은술,4.5,
●간장 레몬 소스 : 저염간장,작은술,5.0,
●강그린 샐러드 : 양상추,장,40.0,건
●곁들임 : 치커리,줄기,3.33,
●그린매쉬드포테이토 : 감자,개,160.0,
●김치국물 : 귤,개,100.0,
●누룽지: 밥,공기,210.0,
●두부구이 : 두부,모,350.0,
●두부타르타르 소스 : 연두부,모,120.0,
●두유 드레싱 : 두유,2⅔큰술,40.0,
●두유요거트 소스 : 두유,3⅓큰술,50.0,
●드레싱 : 간장,1⅓큰술,20.0,
●드레싱 : 레몬즙,큰술,15.0,
●드레싱 : 올리브오일,큰술,12.5,
●레몬 들깨 소스: 들깨,큰술,15.0,가루
●레몬마요네즈 소스 : 마요네즈,작은술,5.0,
●마늘 드레싱 : 사과식초,큰술,15.0,
●멸치육수 : 국물용 멸치,마리,1.67,
●버섯구이 : 새송이버섯,개,10.0,
●불고기 양념 : 간장,작은술,4.5,
●브로콜리컬리플라워 샐러드 : 브로콜리,송이,200.0,
●소스 : 검정깨,작은술,5.0,
●소스 : 겨자분말,작은술,5.0,
●소스 : 고추장,작은술,5.0,
●소스 : 된장,큰술,15.0,
●소스 : 망고,개,100.0,
●소스 : 석류,개,400.0,
●소스 : 오렌지즙,큰술,15.0,
●소스 : 유자청,1⅓큰술,20.0,
●소스 :양파,개,200.0,
●양념 : 멥쌀,작은술,5.0,
●양념 : 무,cm,3.33,
●올리브마늘 드레싱 : 올리브유,작은술,5.0,
●요거트파르페: 오렌지,개,200.0,
●유자 드레싱 : 유자청,1⅔큰술,25.0,
●육수 : 다시마,cm,2.0,
●육수 : 닭,마리,550.0,
●육수 : 함초,작은술,6.0,
●육수 :뒤포리(밴댕이),개,10.0,
●장식 :  호두,큰술,15.0,다진
●장식 : 달걀,개,50.0,
●장식 : 대추,개,5.0,
●장식 : 대파,개,30.0,
●장식 : 잣,작은술,4.0,
●주재료 : 가지,개,100.0,
●주재료 : 가지,개,300.0,
●주재료 : 감자,개,100.0,
●주재료 : 두릅,개,10.0,
●주재료 : 딸기,개,20.0,
●주재료 : 마늘종,개,6.0,
●주재료 : 무,개,600.0,
●주재료 : 바나나,개,100.0,
●주재료 : 배추,개,700.0,
●주재료 : 배추,개,600.0,
●주재료 : 애호박,1½개,70.0,
●주재료 : 오이고추,개,15.0,
●주재료 : 자색고구마,cm,3.33,
●주재료 : 풋고추,개,15.0,
●주재료 : 현미,컵,210.0,
●주재료: 마,개,90.0,
●채소 : 가지,cm,6.67,구운
●채소준비 : 청경채,개,20.0,
●초절이 소스 : 소금,작은술,4.0,
●치커리 샐러드 : 치커리,줄기,3.0,
●키위샐러드 : 키위,개,60.0,
가지,개,140.0,
가지,개,100.0,
간장,작은술,4.0,
간장,큰술,15.0,
감자,×3×1cm,2.5,
강낭콩,작은술,5.0,
검은깨,1⅔작은술,8.0,
검은깨,작은술,5.0,
계란,개,43.33,
계란,개,66.67,
계란,개,50.0,
고구마,개,140.0,
고추장,작은술,5.0,
고추장,큰술,15.0,
고춧,작은술,6.0,가루
고춧,작은술,4.0,가루
고춧,작은술,5.0,가루
고춧,큰술,20.0,가루
국간장,작은술,5.0,
김,장,4.0,
김(,장,2.0,
깨,큰술,15.0,
깻잎,장,1.0,
꼬막,꼬막살 20g,60.0,
꽃게,꽃게살 30g,70.0,
꿀,작은술,6.0,
꿀,큰술,15.0,
날콩,1⅓작은술,7.0,가루
노란콩,불린것 52g,25.0,
노랑 파프리카,×1cm,1.0,
노루궁뎅이버섯,개,50.0,
다시마,cm,1.13,
다시마,cm,3.0,
단호박,×6cm,7.5,
단호박,개,320.0,
달걀,개,60.0,
달걀,개,50.0,
달래,단,50.0,
당근,cm,3.0,
당근,cm,1.0,
당근,×1×1cm,1.67,
당근,개,200.0,
당근,개,150.0,
대추,개,2.0,
대파,cm,2.0,
대파,cm,5.0,
대파,작은술,5.0,다진
도토리묵,불린것 50g,30.0,건
된장,1½큰술,20.0,
된장,작은술,5.0,
두부,×2×2cm,10.0,
두부,모,320.0,
두부,모,400.0,
두부,모,360.0,
두유,1⅓큰술,20.0,
두유,컵,200.0,
두유,큰술,15.0,
들기름,작은술,5.0,
딸기,개,10.0,
땅콩,알,1.0,
땅콩,큰술,10.0,다진
레드와인,큰술,15.0,
레드치커리,줄기,3.33,
레몬,작은술,5.0,
레몬(껍질),큰술,12.0,
레몬즙,1⅓큰술,20.0,
레몬즙,작은술,4.5,
레몬즙,작은술,5.0,
레몬즙,작은술,7.0,
레몬즙,큰술,15.0,
마,cm,2.0,
마늘,개,5.0,
마늘,작은술,6.0,다진
마늘,작은술,5.0,다진
마늘,작은술,6.0,
마늘,쪽,4.0,다진
마늘,쪽,5.0,다진
마늘,쪽,5.0,
마른 홍고추,개,5.0,
마요네즈,작은술,5.0,
마요네즈,큰술,15.0,
만두피,장,2.0,
매실액,작은술,6.0,
매실액,작은술,5.0,
매실원액,큰술,15.0,
머스터드,작은술,4.5,
메추리알,개,10.0,
멸치,개,6.0,
멸치액젓,작은술,4.5,
모시조개,컵,200.0,
무,cm,5.0,
무,cm,1.0,
무,×3×2cm,6.0,
무,개,750.0,
무,개,700.0,
무염버터,작은술,5.0,
물,1½컵,300.0,
물,바게트반죽용,375.0,
물,작은술,6.0,
물,찰반죽용,200.0,
물,컵,200.0,
물,큰술,15.0,
물엿,작은술,4.5,
물엿,컵,200.0,
미니새송이버섯,개,8.57,
밀,큰술,12.5,가루
바지락(모시조개(,개,6.67,
발사믹식초,작은술,5.0,
발사믹식초,큰술,15.0,
발사믹크레마,큰술,15.0,
밥,쌀 13g,30.0,
밥,컵,180.0,
밥,컵,210.0,
방울토마토,개,30.0,
방울토마토,개,10.0,
배,cm,5.0,
배,개,320.0,
배추,개,600.0,
백일송이버섯,컵,65.0,
버터,1½작은술,8.0,
베이컨,장,10.0,
보라로즈케일,장,5.0,
보리된장,큰술,15.0,
부추,cm,0.83,
부추,줄기,2.0,
부침,큰술,15.0,가루
북어채,개,1.67,
브로콜리,개,400.0,
블루베리,큰술,15.0,
비트,cm,2.0,
비트,작은술,5.0,
빨강 파프리카,×1cm,1.0,
빨강 파프리카,ⅹ3cm,2.0,
사과,개,150.0,
사과,개,240.0,
사과,개,180.0,
사과,개,160.0,
사과식초,작은술,10.0,
사과즙,컵,600.0,
새송이버섯,개,5.0,
새송이버섯,개,33.33,
새우,마리,3.33,
새우젓국,큰술,15.0,
생강,작은술,5.0,다진
생강즙,작은술,4.5,
생강즙,작은술,5.0,
생크림,작은술,5.0,
생크림,큰술,13.0,
석류즙,작은술,5.0,
설탕,작은술,5.0,
설탕,작은술,6.0,
설탕,작은술,10.0,
설탕,큰술,10.0,
설탕,큰술,15.0,
소금,1⅓큰술,20.0,
소금,작은술,10.0,
소금,작은술,5.0,
소시지,개,20.0,
소시지,개,30.0,
순두부,모,240.0,
순두부,봉지,320.0,
슬라이스연어,장,15.0,
시금치,개,100.0,
시금치,줄기,3.33,
시금치우유 소스,작은술,5.0,
식용유,작은술,10.0,
식용유,작은술,5.0,
식용유,큰술,15.0,
식초,1⅓큰술,20.0,
식초,작은술,5.0,
식초,작은술,16.0,
식초,작은술,4.5,
식초,작은술,4.0,
식초,큰술,15.0,
실치,컵,40.0,
쌀,컴,200.0,
쌀뜨물,1½컵,300.0,
쌀밥,컵,210.0,
아몬드,알,2.0,
아몬드,알,1.67,
아몬드,작은술,4.0,
아스파라거스,개,45.0,
애느타리버섯,가닥,5.0,
애호박,cm,3.0,
양배추,개,300.0,
양상추,장,35.0,
양송이버섯,개,20.0,
양파,*4cm,7.5,
양파,cm,2.0,
양파,cm,1.0,
양파,×1cm,3.33,
양파,×1cm,5.0,
양파,개,160.0,
양파,개,120.0,
양파,개,300.0,
양파,작은술,5.0,다진
연두부,모,100.0,
영콘,개,20.0,
오렌지,개,200.0,
오렌지(껍질),개,200.0,
오미자물,컵,200.0,
오이,cm,10.0,
오이,개,210.0,
오이,개,80.0,
오이,개,160.0,
오이피클,작은술,5.0,다진
올리고당,작은술,5.0,
올리고당,작은술,4.5,
올리브오일,작은술,5.0,
올리브오일,큰술,15.0,
올리브유,작은술,5.0,
올리브유,작은술,6.0,
올리브유,큰술,15.0,
와사비,작은술,3.0,
요거트,컵,200.0,
요리당,작은술,6.0,
요리당,큰술,15.0,
우렁,큰술,12.5,
우민찌,작은술,5.0,
우유,작은술,5.0,
우유,컵,200.0,
우유,큰술,15.0,
은행,개,1.4,
잣,알,1.0,
저염간장,작은술,4.0,
저염된장,작은술,5.0,
저염된장,큰술,15.0,
저염소금,작은술,4.0,
저염치즈,작은술,5.0,
적양배추,×3cm,3.0,
적양파,×1cm,5.0,
전분,작은술,5.0,
주황 파프리카,ⅹ3cm,2.0,
쪽파,cm,1.0,
쪽파,개,10.0,
참기름,1⅓큰술,20.0,
참기름,작은술,6.0,
참기름,작은술,4.0,
참기름,작은술,7.0,
참기름,큰술,15.0,
찹쌀,컵,210.0,
청경채,개,12.5,
청고추,개,20.0,
청국장,작은술,5.0,가루
청국장,큰술,10.0,가루
청양고추,개,10.0,
청양고추,개,20.0,
청양고추,개,5.0,
청파프리카,개,100.0,
청피망,×1cm,1.0,
쳥양고추,개,9.0,
치커리,줄기,3.33,
카놀라유,작은술,4.5,
칵테일새우,마리,4.0,
컬리플라워,송이,120.0,
케일,장,5.0,
콩나물,봉지,180.0,
크림치즈,작은술,5.0,
키위,개,100.0,
토마토,1½개,200.0,
토마토,개,100.0,
토마토,개,200.0,
파,개,280.0,
파,큰술,15.0,
파프리카,개,100.0,
표고버섯,개,10.0,
표고버섯,개,7.5,
표고버섯,개,15.0,
표고버섯,장,10.0,
플레인요거트,1⅓큰술,20.0,
플레인요거트,개,85.0,
플레인요거트,개,70.0,
해바라기씨,작은술,4.0,
호두,알,6.0,
호두,작은술,4.0,
호박,개,150.0,
호박씨,작은술,4.0,
호이트와인,큰술,15.0,
홍고추,개,20.0,
홍고추,개,10.0,
홍고추,개,10.0,다진
홍파프리카,개,100.0,
화이트와인,작은술,5.0,
황태(채),개,1.5,
황파프리카,1½개,140.0,
황파프리카,개,100.0,
후춧,작은술,4.0,가루
흑임자,작은술,6.0,볶은
흑임자,작은술,6.0,
흰로즈케일,장,5.0,
