pum_nm,matched_ingredient_id,matched_ingredient_name,confidence,avg_price_per_g,sample_days
호박 고구마,70,호박,low,3.2127,29
감자 수미,52,감자,low,1.4325,29
감자 두백,52,감자,low,1.4088,29
감자 수미(햇),52,감자,low,1.4122,29
상추 적포기,28,상추,low,3.5017,29
상추 포기찹,28,상추,low,5.2469,29
토마토 완숙,166,토마토,low,1.9159,29
토마토 대저,166,토마토,low,2.3122,29
멜론 머스크,669,멜론,low,4.3492,29
멜론 가야백자,669,멜론,low,2.6439,29
깐마늘 대서,1,마늘,low,7.3407,29
오렌지 파프리카,332,오렌지,low,4.338,29
사과 부사,57,사과,low,4.931,29
사과 아오리,57,사과,low,4.5263,7
사과 미시마,57,사과,low,7.396,29
사과 미얀마,57,사과,low,5.3601,29
사과 썸머킹,57,사과,low,5.9719,9
사과 미야비,57,사과,low,3.6875,27
사과 후브락스,57,사과,low,4.0806,28
배 신고,252,배,low,4.829,29
복숭아 유명백도(백),774,복숭아,low,6.2551,6
복숭아 황도(황),774,복숭아,low,3.9824,13
복숭아 천도(천),774,복숭아,low,4.6447,29
복숭아 백도(백),774,복숭아,low,3.6605,25
복숭아 천홍(천),774,복숭아,low,5.0373,5
복숭아 호기도(백),774,복숭아,low,4.991,10
복숭아 선프레(천),774,복숭아,low,4.3344,20
복숭아 가납암(백),774,복숭아,low,10.3223,22
복숭아 경봉(백),774,복숭아,low,4.9532,3
복숭아 그레이트(백),774,복숭아,low,4.9028,2
복숭아 신선(천),774,복숭아,low,4.0493,28
복숭아 산정백도(백),774,복숭아,low,9.6622,29
복숭아 그린황도(황),774,복숭아,low,10.0118,26
복숭아 신비(천),774,복숭아,low,4.8813,26
복숭아 올인(천),774,복숭아,low,2.9295,17
복숭아 대극천(백),774,복숭아,low,18.69,29
복숭아 미황(황),774,복숭아,low,6.3952,21
복숭아 마도카(백),774,복숭아,low,8.0541,5
복숭아 대월(백),774,복숭아,low,4.9378,5
복숭아 대옥계(백),774,복숭아,low,12.5226,29
복숭아 단황도(황),774,복숭아,low,6.9916,8
복숭아 몽부사(백),774,복숭아,low,12.6509,29
복숭아 찌요마루(황),774,복숭아,low,4.9002,3
복숭아 원백도(백),774,복숭아,low,4.7042,7
복숭아 천봉(백),774,복숭아,low,12.4511,11
포도 캠벨얼리,1214,포도,low,8.8571,20
포도 거봉,1214,포도,low,12.2571,29
포도 델라웨어,1214,포도,low,11.1162,29
포도 샤인머스캣,1214,포도,low,14.9867,22
감귤 하우스,429,감귤,low,8.8725,29
자두 후무사,1027,자두,low,6.2578,11
자두 대석,1027,자두,low,7.9519,29
자두 정상,1027,자두,low,11.2528,28
자두 로얄대석,1027,자두,low,5.4738,19
자두 도담,1027,자두,low,4.2234,3
오렌지 네블 수입,332,오렌지,low,4.0887,29
키위 기타 수입,1167,키위,low,5.928,2
양파 조생,38,양파,low,0.6359,11
복숭아 오월도(천),774,복숭아,low,2.9752,14
딸기 설향,598,딸기,low,5.0526,7
딸기 킹스베리,598,딸기,low,4.214,5
딸기 금실,598,딸기,low,4.9192,4
딸기 죽향,598,딸기,low,8.9735,1
대구 냉장 수입,42,대구,low,13.125,29
부추(일반),47,부추,high,1.4661,29
미나리(일반),2,미나리,high,3.2939,29
수박(일반),858,수박,high,2.2204,29
참외(일반),1099,참외,high,2.2931,29
단호박(일반),549,단호박,high,1.3992,17
단호박 수입,549,단호박,high,1.473,29
방울토마토(일반),737,방울토마토,high,2.1933,29
당근 수입,30,당근,high,0.6636,29
풋고추(일반),81,풋고추,high,6.3333,29
저장 양파,38,양파,high,0.9063,5
양파(햇),38,양파,high,0.6491,29
양파 수입,38,양파,high,1.4854,24
대파(일반),8,대파,high,1.5813,29
양상추(일반),937,양상추,high,1.7901,29
로메인(일반),628,로메인,high,6.7414,29
양상추 수입,937,양상추,high,1.6099,8
아스파라거스 국산,916,아스파라거스,high,16.9204,29
비트 국산,796,비트,high,1.299,29
브로콜리 국산,278,브로콜리,high,4.463,29
브로콜리 수입,278,브로콜리,high,2.3699,29
치커리(일반),1125,치커리,high,5.4241,29
포도 수입,1214,포도,high,6.5405,29
바나나 수입,720,바나나,high,1.6525,29
파인애플 수입,1195,파인애플,high,2.4238,29
무화과 국산,694,무화과,high,10.0,2
자몽 수입,1028,자몽,high,2.8564,16
망고 국산,650,망고,high,29.4291,29
망고 수입,650,망고,high,8.0841,29
아보카도 수입,913,아보카도,high,3.0631,29
블루베리 수입,792,블루베리,high,6.7,20
블루베리 국산,792,블루베리,high,28.6873,29
산딸기 국산,807,산딸기,high,19.9039,15
연근(일반),24,연근,high,2.7453,12
콜라비(일반),1156,콜라비,high,1.0101,7
(선)고등어,72,고등어,high,6.5438,29
(냉)고등어,72,고등어,high,4.7344,29
(냉)고등어 수입,72,고등어,high,7.9184,29
(선)명태 수입,675,명태,high,6.7972,29
(선)갈치,427,갈치,high,21.8838,29
(냉)갈치,427,갈치,high,10.9089,29
아귀(일반),904,아귀,high,4.0898,29
냉동 가자미 수입,17,가자미,high,5.2749,29
홍어 수입,1282,홍어,high,10.4353,29
활 민어(자연),714,민어,high,29.4799,29
깐 바지락,102,바지락,high,12.519,29
활 전복(양식),1053,전복,high,15.8437,29
꽃게 수입,513,꽃게,high,11.7867,29
냉동 오징어(연안),19,오징어,high,12.1855,29
냉동 오징어(원양),19,오징어,high,8.8777,29
낙지 수입,77,낙지,high,16.9769,29
냉동 낙지 수입,77,낙지,high,8.9608,29
주꾸미 수입,1075,주꾸미,high,11.025,29
냉동 주꾸미 수입,1075,주꾸미,high,10.4172,29
매생이(일반),652,매생이,high,2.8598,29
영양부추,47,부추,synonym,7.2026,29
돌미나리,2,미나리,synonym,1.912,29
깐쪽파,138,쪽파,synonym,12.4221,29
노랑 파프리카,153,파프리카(노란색),synonym,3.4311,29
빨강 파프리카,275,파프리카(빨간색),synonym,2.7934,29
양송이,326,양송이버섯,synonym,10.6769,29
물오징어,19,오징어,synonym,16.2254,29
갑오징어,19,오징어,synonym,10.3521,29
고구마,133,고구마,exact,3.1754,29
감자,52,감자,exact,1.4374,29
배추,84,배추,exact,0.5434,29
양배추,37,양배추,exact,0.5375,29
시금치,58,시금치,exact,3.2839,29
상추,28,상추,exact,5.8352,29
청상추,1109,청상추,exact,6.5166,29
깻잎순,508,깻잎순,exact,2.8606,29
돌산갓,574,돌산갓,exact,2.1346,29
쑥갓,902,쑥갓,exact,4.1377,29
미나리,2,미나리,exact,2.0735,29
쥬키니호박,1081,쥬키니호박,exact,0.724,29
애호박,162,애호박,exact,1.5007,29
토마토,166,토마토,exact,1.753,29
가지,67,가지,exact,2.0762,29
무,33,무,exact,0.6324,29
열무,963,열무,exact,1.9248,29
당근,30,당근,exact,1.4605,29
꽈리고추,514,꽈리고추,exact,5.6073,29
청양고추,103,청양고추,exact,4.7446,29
홍고추,4,홍고추,exact,6.1668,29
양파,38,양파,exact,0.7333,29
쪽파,138,쪽파,exact,6.5833,29
실파,3,실파,exact,5.3599,29
청피망,53,청피망,exact,4.7671,29
홍피망,168,홍피망,exact,5.7717,29
파슬리,167,파슬리,exact,9.8219,29
셀러리,300,셀러리,exact,1.9342,29
케일,1147,케일,exact,2.2862,29
비타민,795,비타민,exact,2.9431,29
딜,595,딜,exact,45.0706,29
취나물,1119,취나물,exact,4.4299,29
아욱,80,아욱,exact,3.8999,29
근대,69,근대,exact,1.8634,29
머위대,658,머위대,exact,5.1351,29
청경채,365,청경채,exact,1.0181,29
참나물,1095,참나물,exact,3.8387,29
무순,686,무순,exact,6.9207,29
적근대,1047,적근대,exact,2.9297,29
고수,467,고수,exact,8.1169,29
당귀잎,347,당귀잎,exact,6.8022,29
느타리버섯,71,느타리버섯,exact,3.0987,29
새송이버섯,100,새송이버섯,exact,2.3417,29
팽이버섯,92,팽이버섯,exact,1.7204,29
만가닥버섯,226,만가닥버섯,exact,2.8837,29
완두콩,993,완두콩,exact,5.7837,29
강낭콩,435,강낭콩,exact,7.3309,29
사과,57,사과,exact,5.6832,29
감귤,429,감귤,exact,8.8725,29
청매실,1374,청매실,exact,3.0137,29
양상추,937,양상추,exact,2.1778,3
비름,793,비름,exact,1.3288,10
딸기,598,딸기,exact,8.105,7
삼치,34,삼치,exact,7.3456,29
대구,42,대구,exact,3.1787,29
병어,767,병어,exact,16.7948,29
가자미,17,가자미,exact,6.9071,29
전어,1055,전어,exact,1.8,29
도루묵,565,도루묵,exact,9.932,29
민어,714,민어,exact,39.5335,29
굴,27,굴,exact,12.4954,29
홍합살,1286,홍합살,exact,3.8655,29
소라,849,소라,exact,8.5788,29
생새우,831,생새우,exact,17.385,29
문어,696,문어,exact,23.0576,29
주꾸미,1075,주꾸미,exact,17.6666,29
미더덕,708,미더덕,exact,11.1322,29
다시마,43,다시마,exact,6.7703,29
